STT,CPU,RAM,Ổ cứng,Đồ họa,Màn hình,Trọng lượng (kg),Hệ điều hành,Name,Price
0,Intel Core i5-10300H,"8 GB, DDR4, 2933 MHz",SSD 512 GB,NVIDIA GeForce GTX 1650Ti 4 GB & Intel HD Graphics 630,"15.6"", 1920 x 1080 Pixel, IPS, 144 Hz, 250 nits, LED Backlit",2.3,Windows 10,Asus TUF Gaming FX506LI-HN039T/i5-10300H,22.290.000 ₫
1,AMD Ryzen 7-3750H,"8 GB, DDR4, 2400 MHz",SSD 512 GB,NVIDIA GeForce GTX 1650 4 GB & AMD Radeon Graphics,"15.6"", 1920 x 1080 Pixel, IPS, 144 Hz, 250 nits, Anti-glare LED-backlit",2.2,Windows 10,Asus TUF Gaming FX505DT-HN478T/R7-3750H,19.090.000 ₫
2,AMD Ryzen 7-3750H,"8 GB, DDR4, 2666 MHz",SSD 512 GB,NVIDIA GeForce GTX 1650Ti 4 GB & AMD Radeon RX Graphics Vega 10,"15.6"", 1920 x 1080 Pixel, IPS, 60 Hz, LED-backlit",2.1,Windows 10,Acer Aspire Gaming A715-41G-R150/R7-3750H,19.790.000 ₫
3,AMD Ryzen 5-4600H,"8 GB, DDR4, 3200 MHz",SSD 512 GB,AMD Radeon RX 5300M 3 GB & AMD Radeon Graphics,"15.6"", 1920 x 1080 Pixel, IPS, 60 Hz, LED-backlit",1.96,Windows 10,MSI Bravo 15 A4DCR-070VN/R5 4600H,19.490.000 ₫
4,AMD Ryzen 5-3550H,"8 GB, DDR4, 2666 MHz",SSD 512 GB,NVIDIA GeForce GTX 1650Ti 4 GB & AMD Radeon RX Graphics Vega 10,"15.6"", 1920 x 1080 Pixel, IPS, 60 Hz, LED-backlit",2.1,Windows 10,Acer Aspire Gaming A715-41G-R282/R5-3550H,18.790.000 ₫
5,Intel Core i5-9300H,"8 GB, DDR4, 2666 MHz",SSD 512 GB,NVIDIA GeForce GTX 1650 4 GB & Intel UHD Graphics 630,"15.6"", 1920 x 1080 Pixel, IPS, 144 Hz, 250 nits, Anti-glare LED-backlit",2.2,Windows 10,Asus TUF Gaming FX505GT-HN111T/i5-9300H,19.990.000 ₫
6,Intel Core i5-10300H,"8 GB, DDR4, 3200 MHz",SSD 512 GB,NVIDIA GeForce GTX 1650 4 GB & Intel UHD Graphics,"15.6"", 1920 x 1080 Pixel, IPS, 144 Hz, 250 nits, Anti-glare WLED-backlit",2.3,Windows 10,HP Pavilion Gaming 15-dk1083TX i5 10300H/206R0PA,22.290.000 ₫
7,Intel Core i5-10300H,"8 GB, DDR4, 2933 MHz",HDD 1000 GB & SSD 256 GB,NVIDIA GeForce GTX 1650 4 GB & Intel UHD Graphics,"15.6"", 1920 x 1080 Pixel, IPS, 60 Hz, 250 nits, Anti-glare WLED-backlit",2.34,Windows 10,Dell Gaming G3 15 3500 i5 10300H/70223130,21.990.000 ₫
8,AMD Ryzen 5-3550H,"8 GB, DDR4, 2400 MHz",SSD 512 GB,NVIDIA GeForce GTX 1650 4 GB & AMD Radeon Graphics Vega 8,"15.6"", 1920 x 1080 Pixel, IPS, 144 Hz, LED Backlit",2.14,Windows 10,ASUS TUF Gaming FX505DT-HN488T/R5-3550H,18.090.000 ₫
9,Intel Core i5-9300H,"8 GB, DDR4, 2666 MHz",SSD 512 GB,NVIDIA GeForce GTX 1650 4 GB & Intel HD Graphics 630,"15.6"", 1920 x 1080 Pixel, IPS, 144 Hz, 250 nits, Anti-glare LED-backlit",2.42,Windows 10,Asus Strix G531GT-HN553T/I5-9300H,22.590.000 ₫
10,Intel Core i7-10750H,"8 GB, DDR4, 2666 MHz",SSD 512 GB,NVIDIA GeForce GTX 1650 4 GB & Intel UHD Graphics 630,"15.6"", 1920 x 1080 Pixel, IPS, 144 Hz, IPS LCD LED Backlit, True Tone",2.3,Windows 10,MSI Leopard Gaming GL65 10SCXK-089VN/i7-10750H,24.590.000 ₫
11,Intel Core i5-10300H,"8 GB, DDR4, 2666 MHz",SSD 512 GB,NVIDIA GeForce GTX 1650 Max-Q 4 GB & Intel UHD Graphics,"15.6"", 1920 x 1080 Pixel, IPS, 60 Hz, LED-backlit",1.86,Windows 10,MSI GF63 Thin 10SCXR-427VN/Core i5-10300H,21.190.000 ₫
12,AMD Ryzen 5-4600H,"8 GB, DDR4, 3200 MHz",HDD 1000 GB & SSD 128 GB,NVIDIA GeForce GTX 1650 4 GB & AMD Radeon Graphics Vega 6,"15.6"", 1920 x 1080 Pixels, IPS, 144 Hz, 250 nits, IPS LCD",1.98 Kg,Windows 10 Home SL 64,HP Pavilion Gaming 15 ec1054AX R5 4600H/1N1H6PA,19.590.000 ₫
13,AMD Ryzen 5-3550H,"8 GB, DDR4, 2400 MHz",HDD 1000 GB & SSD 128 GB,NVIDIA GeForce GTX 1650 4 GB & AMD Radeon Graphics Vega 8,"15.6"", 1920 x 1080 Pixel, IPS, 60 Hz, 300 nits, Anti-glare Micro-edge WLED-backlit",1.98,Windows 10,HP Pavilion Gaming 15-ec0050AX/R5-3550H,19.590.000 ₫
14,Intel Core i7-9750H,"8 GB, DDR4, 2666 MHz",SSD 1000 GB,NVIDIA GeForce GTX 1650 4 GB & Intel UHD Graphics 630,"15.6"", 1920 x 1080 Pixel, IPS, 60 Hz, 250 nits, LED-backlit",2.3,Windows 10,Lenovo Legion Y540-15IRH/i7-9750H,26.790.000 ₫
15,AMD Ryzen 7-4800H,"8 GB, DDR4, 3200 MHz",SSD 512 GB,NVIDIA GeForce GTX 1650Ti 4 GB & AMD Radeon Graphics,"15.6"", 1920 x 1080 Pixel, IPS, 144 Hz, 250 nits, LED-backlit",2.3,Windows 10,Asus TUF FA506II-AL016T/R7-4800H,23.690.000 ₫
16,Intel Core i5-9300H,"8 GB, DDR4, 2400 MHz",SSD 512 GB,Intel UHD Graphics 630,"15.6"", 1920 x 1080 Pixel, IPS, 60 Hz, LED-backlit",2.3,Windows 10,Acer Nitro Gaming 5 AN515 54 595D/i5-9300H,21.790.000 ₫
17,Intel Core i5-9300H,"8 GB, DDR4, 2666 MHz",SSD 512 GB,NVIDIA GeForce GTX 1650 Max-Q 4 GB & Intel UHD Graphics 630,"15.6"", 1920 x 1080 Pixel, IPS, 60 Hz, LED-backlit",1.86,Windows 10,MTXT MSI GF63 9SCXR i5 9300H/075VN,18.690.000 ₫
18,AMD Ryzen 5-4600H,"8 GB, DDR4, 3200 MHz",SSD 512 GB,NVIDIA GeForce GTX 1650Ti 4 GB & AMD Radeon Graphics,"15.6"", 1920 x 1080 Pixel, IPS, 144 Hz, 250 nits, LED-backlit",2.3,Windows 10,Asus TUF FA506II-AL012T/R5-4600H,22.190.000 ₫
19,AMD Ryzen 7-3750H,"8 GB, DDR4, 2666 MHz",SSD 512 GB,NVIDIA GeForce GTX 1650 4 GB & AMD Radeon RX Graphics Vega 10,"15.6"", 1920 x 1080 Pixel, IPS, 60 Hz, LED-backlit",2.1,Windows 10,ACER Aspire Gaming 7 A715-41G-R1AZ/R7-3750H,19.990.000 ₫
20,Intel Core i5-8265U,"4 GB, DDR4, 2666 MHz",Đang cập nhật,Intel UHD Graphics,"15.6"", 1366 x 768 Pixel, Anti-glare LED-backlit",2.072,Windows 10,Asprire A515-53-50ZD/Core i5-8265U/NX.H6DSV.001,9.790.000 ₫
21,Intel Core i5-8265U,"4 GB, DDR4, 2666 MHz",Đang cập nhật,Intel UHD Graphics,"15.6"", 1920 x 1080 Pixel, 60 Hz, Anti-glare LED-backlit",1.9,Windows 10,Dell Vostro V5581/Core i5-8265U/70194504,14.990.000 ₫
22,Intel Core i3-8145U,"4 GB, DDR4, 2400 MHz",HDD 500 GB,Intel UHD Graphics 620,"14.0"", 1920 x 1080 Pixel, 60 Hz, LED-backlit",1.53,Windows 10,HP Pavilion 14-ce2036TU/Core i3-8145U,10.690.000 ₫
23,Intel Core i3-1005G1,"4 GB, DDR4, 2400 MHz",SSD 256 GB,Intel UHD Graphics,"15.6"", 1920 x 1080 Pixel, 60 Hz, LED-backlit",1.7,Windows 10,Acer Aspire A315 56 37DV i3 1005G1/Đen/NX.HS5SV.001,9.890.000 ₫
24,Intel Core i3-1005G1,"4 GB, DDR4, 2666 MHz",SSD 256 GB,Intel UHD Graphics,"15.6"", 1920 x 1080 Pixel, TN, 220 nits, Anti-glare LED-backlit",1.85,Windows 10,Lenovo IdeaPad S145-15IIL i3 1005G1/81W800R2VN,9.990.000 ₫
25,AMD Ryzen 3-3250U,"4 GB, DDR4, 2400 MHz",SSD 512 GB,AMD Radeon Graphics,"15.6"", 1920 x 1080 Pixel, 60 Hz, LED-backlit",1.7,Windows 10,Acer Aspire 3 A315 23 R0ML/R3 3250U/NX.HVUSV.004,10.290.000 ₫
26,Intel Core i3-8130U,"4 GB, DDR4, 2133 MHz",SSD 512 GB,Intel UHD Graphics 620,"14.0"", 1920 x 1080 Pixel, TN, 220 nits, LED-backlit",1.85,Windows 10,Lenovo IdeaPad S145-14IKB/i3 8130U,10.290.000 ₫
27,Intel Core i7-10750H,"16 GB, DDR4, 2933 MHz",SSD 512 GB,NVIDIA GeForce GTX 1650Ti 4 GB & Intel UHD Graphics,"15.6"", 3840 x 2400 Pixel, WVA, 60 Hz, 500 nits, Anti-glare LED-backlit",2.05,Windows 10,Dell XPS 15 9500 i7 10750H/70221010,61.990.000 ₫
28,Intel Core i7-9th-gen,"16 GB, DDR4, 2666 MHz",SSD 512 GB,AMD Radeon Pro 5300M 4 GB & Intel UHD Graphics 630,"16.0"", 3072 x 1920 Pixel, IPS, IPS LCD LED Backlit, True Tone",2,Mac OS,MacBook Pro 16" 2019 Touch Bar 2.6GHz Core i7 512GB,59.990.000 ₫
29,Intel Core i5-8th-gen,"8 GB, LPDDR3, 2133 MHz",SSD 512 GB,Intel Iris Plus Graphics 655,"13.3"", 2560 x 1600 Pixel, IPS, IPS LCD LED Backlit, True Tone",1.37,Mac OS,MacBook Pro 13" 2019 Touch Bar 2.4GHz Core i5 512GB,51.990.000 ₫
30,Intel Core i7-10510U,"16 GB, LPDDR3, 2133 MHz",SSD 1 TB,Intel HD Graphics 620,"14.0"", 1920 x 1080 Pixels, IPS, 300 nits, IPS FHD",0.996 kg,Windows 10 Pro,ASUS Expertbook B9450FA-BM0616R/ i7-10510U,49.990.000 ₫
31,Intel Core i5-10th-gen,"16 GB, LPDDR4X, 3733 MHz",SSD 512 GB,Intel Iris Plus Graphics,"13.3"", 2560 x 1600 Pixel, IPS, IPS LCD LED Backlit, True Tone",1.4,Mac OS,MacBook Pro 13" 2020 Touch Bar 2.0GHz Core i5 512GB,47.990.000 ₫
32,Intel Core i7-1065G7,"16 GB, LPDDR4, 3200 MHz",SSD 512 GB,Intel Iris Plus Graphics,"13.3"", 3840 x 2160 Pixel, AMOLED, 60 Hz, 400 nits, BrightView Micro-edge WLED-backlit",1.3,Windows 10,HP Spectre x360 13,47.490.000 ₫
33,Intel Core i7-10510U,"16 GB, LPDDR3, 2133 MHz",Đang cập nhật,Intel UHD Graphics,"14.0"", 2560 x 1440 Pixel, WVA, 60 Hz, 300 nits, WVA Anti-glare LED Backlit Narrow Border",1.1,Windows 10,Lenovo ThinkPad X1 Carbon 8 i7 10510U,44.990.000 ₫
34,Intel Core i5-10210U,"16 GB, LPDDR3, 2133 MHz",Đang cập nhật,Intel UHD Graphics,"14.0"", 2560 x 1440 Pixel, WVA, 60 Hz, 300 nits, WVA Anti-glare LED Backlit Narrow Border",1.1,Windows 10,Lenovo ThinkPad X1 Carbon 8 i5 10210U,42.990.000 ₫
35,Intel Core i7-1165G7,"16 GB, LPDDR4X, 4266 MHz",SSD 1 TB,Intel Iris Xe Graphics,"13.3"", 3840 x 2160 Pixel, OLED, 60 Hz, 400 nits, LED-backlit",1.2,Windows 10,Asus Zenbook Flip UX371EA-HL701TS i7 1165G7,39.990.000 ₫
36,Intel Core i5-1135G7,"8 GB, LPDDR4, 4266 MHz",SSD 256 GB,Intel Iris Xe Graphics,"13.4"", 1920 x 1080 Pixel, WVA, 60 Hz, 400 nits, LED-backlit",1.32,Windows 10,Dell XPS 13 9310 i5 1135G7,38.990.000 ₫
37,Intel Core i5-1135G7,"8 GB, LPDDR4X, 4266 MHz",SSD 512 GB,Intel Iris Xe Graphics,"13.3"", 1920 x 1200 Pixel, WVA, 60 Hz, 500 nits, WVA Anti-glare LED Backlit Narrow Border",1.26,Windows 10,Dell XPS 13 9310 i5 1135G7,38.590.000 ₫
38,,,,,,,,ASUS Expertbook B9450FA-BM0324T i5-10210U,37.990.000 ₫
39,Intel Core i7-10750H,"16 GB, DDR4, 2666 MHz",SSD 1 TB,NVIDIA GeForce RTX 2060 6 GB,"15.6"", 1920 x 1080 Pixel, IPS, 144 Hz",2.3,Windows 10,MSI Leopard Gaming GL65 10SEK-235VN/i7-10750H,35.990.000 ₫
40,Intel Core i7-10510U,"16 GB, DDR4, 3200 MHz",SSD 512 GB,Intel UHD Graphics,"14.0"", 1920 x 1080 Pixel, WVA, 60 Hz, 250 nits, WVA Anti-glare LED Backlit Narrow Border",1.35,Windows 10,Lenovo ThinkPad T14s Gen 1 i7 10510U/20T0005RVN,34.990.000 ₫
41,Apple M1,"8 GB, LPDDR4",SSD 256 GB,Apple M1 GPU 8 nhân,"13.3"", 2560 x 1600 Pixel, IPS, IPS LCD LED Backlit, True Tone",1.4,Mac OS,MacBook Pro 13" 2020 Touch Bar M1 256GB,34.990.000 ₫
42,Intel Core i5-8th-gen,"8 GB, LPDDR3, 2133 MHz",SSD 256 GB,Intel Iris Plus Graphics 645,"13.3"", 2560 x 1600 Pixel, IPS, IPS LCD LED Backlit, True Tone",1.4,Mac OS,MacBook Pro 13" 2020 Touch Bar 1.4GHz Core i5,34.990.000 ₫
43,Intel Core i5-10th-gen,"8 GB, LPDDR4, 3733 MHz",SSD 512 GB,Intel Iris Plus Graphics,"13.3"", 2560 x 1600 Pixel, IPS, IPS LCD LED Backlit, True Tone",1.29,Mac OS,MacBook Air 13" 2020 1.1GHz Core i5 512GB,34.990.000 ₫
44,Intel Core i5-10210U,"16 GB, DDR4, 3200 MHz",Đang cập nhật,Intel UHD Graphics,"14.0"", 1920 x 1080 Pixel, WVA, 60 Hz, 250 nits, WVA Anti-glare LED Backlit Narrow Border",1.35,Windows 10,Lenovo ThinkPad T14s Gen 1 i5 10210U/20T0005QVN,32.990.000 ₫
45,Intel Core i7-10750H,"16 GB, DDR4, 2933 MHz",SSD 512 GB,NVIDIA GeForce GTX 1660Ti 6 GB & Intel UHD Graphics,"15.6"", 1920 x 1080 Pixel, WVA, 120 Hz, 250 nits, WVA Anti-glare LED Backlit Narrow Border",2.58,Windows 10,Dell Gaming G3500B i7 10750H/P89F002G3500B,31.590.000 ₫
46,Intel Core i5-10300H,"16 GB, DDR4, 2933 MHz",SSD 512 GB,NVIDIA GeForce RTX 2060 6 GB,"15.6"", 1920 x 1080 Pixel, TFT IPS, 144 Hz, Acer ComfyView LED-backlit",2.3,Windows 10,Acer Nitro Gaming 5 AN515-55-55E3/i5-10300H,28.990.000 ₫
47,Intel Core i3-10th-gen,"8 GB, LPDDR4, 3733 MHz",SSD 256 GB,Intel Iris Plus Graphics,"13.3"", 2560 x 1600 Pixel, IPS, IPS LCD LED Backlit, True Tone",1.29,Mac OS,MacBook Air 13" 2020 1.1GHz Core i3 256GB,28.990.000 ₫
48,Apple M1,"8 GB, LPDDR4",SSD 256 GB,Apple M1 GPU 7 nhân,"13.3"", 2560 x 1600 Pixel, IPS, IPS LCD LED Backlit, True Tone",1.29,Mac OS,MacBook Air 13" 2020 M1 256GB,28.990.000 ₫
49,Intel Core i7-10750H,"8 GB, DDR4, 2933 MHz",SSD 512 GB,NVIDIA GeForce GTX 1650Ti 4 GB & Intel UHD Graphics,"15.6"", 1920 x 1080 Pixel, IPS, 144 Hz, 250 nits, Anti-glare LED-backlit",2.23,Windows 10,HP Pavilion Gaming 15 dk1086TX i7 10750H,28.490.000 ₫
50,Intel Core i7-1165G7,"8 GB, LPDDR4, 3200 MHz",SSD 512 GB,Intel Iris Xe Graphics,"13.3"", 1920 x 1080 Pixel, IPS, 60 Hz, BrightView Micro-edge WLED-backlit",1.25,Windows 10,HP Envy 13 ba1030TU i7 1165G7/2K0B6PA,28.290.000 ₫
51,Intel Core i7-10510U,"8 GB, DDR4, 2400 MHz",SSD 512 GB,Intel UHD Graphics,"13.3"", 1920 x 1080 Pixel, IPS, BrightView Micro-edge WLED-backlit",1.3,Windows 10,HP Envy 13-aq1047TU/i7-10510U,28.290.000 ₫
52,Intel Core i5-10210U,"8 GB, LPDDR3, 2133 MHz",SSD 512 GB,NVIDIA GeForce MX250 2 GB & Intel UHD Graphics,"14.0"", 1920 x 1080 Pixel, IPS, 60 Hz, 300 nits, Truelife LED-Backlit",1.32,Windows 10,Dell Inspiron N7490 i5 10210U,27.990.000 ₫
53,Intel Core i7-10750H,"8 GB, DDR4, 2933 MHz",SSD 512 GB,NVIDIA GeForce GTX 1650Ti 4 GB & Intel UHD Graphics,"15.6"", 1920 x 1080 Pixel, WVA, 120 Hz, 250 nits, WVA Anti-glare LED Backlit Narrow Border",2.56,Windows 10,Dell Gaming G3500A i7 10750H/P89F002G3500A,27.590.000 ₫
54,Intel Core i5-10300H,"8 GB, DDR4, 2933 MHz",SSD 512 GB,NVIDIA GeForce GTX 1650Ti 4 GB & Intel UHD Graphics 630,"15.6"", 1920 x 1080 Pixel, WVA, 60 Hz, 300 nits, Anti-glare LED-backlit",1.9,Windows 10,Dell Insprion N7501 i5 10300H,27.590.000 ₫
55,Intel Core i7-10510U,"8 GB, DDR4, 2400 MHz",SSD 512 GB,Intel UHD Graphics,"13.3"", 1920 x 1080 Pixel, IPS, BrightView Micro-edge WLED-backlit",1.26,Windows 10,HP Envy 13-aq1023TU/i7-10510U,27.490.000 ₫
56,Intel Core i5-1135G7,"8 GB, LPDDR4, 4266 MHz",SSD 512 GB,Intel Iris Xe Graphics,"13.3"", 1920 x 1080 Pixel, WVA, 60 Hz, 300 nits, Truelife LED-Backlit",1.37,Windows 10,Dell Inspiron N7306 i5 1135G7,27.290.000 ₫
57,AMD Ryzen 7-3700U,"8 GB, DDR4, 2400 MHz",SSD 256 GB,AMD Radeon RX Graphics Vega 10,"13.3"", 1920 x 1080 Pixel, IPS, 60 Hz, 300 nits, LED-backlit",1.31,Windows 10,HP ENVY X360-AR0072AU/R7-3700U,26.890.000 ₫
58,Intel Core i7-9750H,"8 GB, DDR4, 2666 MHz",SSD 1000 GB,NVIDIA GeForce GTX 1650 4 GB & Intel UHD Graphics 630,"15.6"", 1920 x 1080 Pixel, IPS, 60 Hz, 250 nits, LED-backlit",2.3,Windows 10,Lenovo Legion Y540-15IRH/i7-9750H,26.790.000 ₫
59,Intel Core i7-10750H,"8 GB, DDR4, 2666 MHz",SSD 512 GB,NVIDIA GeForce GTX 1650Ti 4 GB & Intel UHD Graphics,"15.6"", 1920 x 1080 Pixel, IPS, 144 Hz, LED-backlit",2.3,Windows 10,Acer Nitro Gaming AN515-55-77P9/i7-10750H,26.490.000 ₫
60,Intel Core i7-10870H,"8 GB, DDR4, 2933 MHz",SSD 512 GB,NVIDIA GeForce GTX 1650Ti 4 GB & Intel HD Graphics 630,"15.6"", 1920 x 1080 Pixel, IPS, 144 Hz, 250 nits, LED Backlit",2.3,Windows 10,Asus TUF Gaming FX506LI-HN096T/i7-10870H,26.290.000 ₫
61,Intel Core i5-1135G7,"8 GB, LPDDR4X, 4266 MHz",SSD 512 GB,Intel Iris Xe Graphics,"13.3"", 1920 x 1080 Pixel, OLED, 60 Hz, 400 nits, LED-backlit",1.3,Windows 10,Asus Zenbook Flip UX363EA-HP130T/i5-1135G7,25.990.000 ₫
62,Intel Core i7-1165G7,"16 GB, DDR4, 3200 MHz",SSD 512 GB,NVIDIA GeForce MX330 2 GB & Intel Iris Xe Graphics,"15.6"", 1920 x 1080 Pixel, WVA, 60 Hz, WVA Anti-glare LED Backlit Narrow Border",1.7,Windows 10,Dell Vostro V5502A i7 1165G7,25.590.000 ₫
63,Intel Core i7-1165G7,"8 GB, LPDDR4, 4266 MHz",SSD 512 GB,NVIDIA GeForce MX350 2 GB & Intel Iris Xe Graphics,"13.3"", 1920 x 1080 Pixel, WVA, 60 Hz, 300 nits, WVA Anti-glare LED Backlit Narrow Border",1.23,Windows 10,Dell Inspiron N5301 i7 1165G7,25.290.000 ₫
64,Intel Core i7-1165G7,"16 GB, DDR4, 3200 MHz",SSD 512 GB,NVIDIA GeForce MX330 2 GB & Intel Iris Plus Graphics,"14.0"", 1920 x 1080 Pixel, WVA, 60 Hz, 300 nits, Anti-glare LED-backlit",1.41,Windows 10,Dell Vostro V5402 i7 1165G7,25.190.000 ₫
65,Intel Core i7-8565U,"8 GB, DDR4, 2400 MHz",SSD 512 GB,NVIDIA GeForce MX250 2 GB & Intel UHD Graphics,"14.0"", 1920 x 1080 Pixel, IPS, LED-backlit",1.5,Windows 10,Acer Swift 3 SF314 56G 78QS i7 8565U/NX.HAQSV.001,24.990.000 ₫
66,Intel Core i7-10750H,"8 GB, DDR4, 2666 MHz",SSD 512 GB,NVIDIA GeForce GTX 1650 4 GB & Intel UHD Graphics 630,"15.6"", 1920 x 1080 Pixel, IPS, 144 Hz, IPS LCD LED Backlit, True Tone",2.3,Windows 10,MSI Leopard Gaming GL65 10SCXK-089VN/i7-10750H,24.590.000 ₫
67,Intel Core i7-1165G7,"8 GB, DDR4, 3200 MHz",SSD 512 GB,NVIDIA GeForce MX330 2 GB & Intel Iris Xe Graphics,"15.6"", 1920 x 1080 Pixel, WVA, 60 Hz, WVA Anti-glare LED Backlit Narrow Border",1.65,Windows 10,Dell Inspiron N5502A i7 1165G7,24.090.000 ₫
68,Intel Core i7-9750H,"8 GB, 2666 MHz",SSD 512 GB,NVIDIA GeForce GTX 1650Ti 4 GB & Intel UHD Graphics,"15.6"", 1920 x 1080 Pixel, IPS, 144 Hz, 250 nits, IPS LCD LED Backlit, True Tone",1.86,Windows 10,MSI Gaming GF63 9SCSR-846VN/i7-9750H,23.990.000 ₫
69,Intel Core i5-1135G7,"8 GB, LPDDR4",SSD 512 GB,Intel Iris Xe Graphics,"14.0"", 1920 x 1080 Pixel, IPS, 60 Hz, 300 nits, IPS LCD LED Backlit, True Tone",1.29,Windows 10,MSI Prestige14 Evo-206VN/i5-1135G7,23.990.000 ₫
70,AMD Ryzen 7-4800H,"8 GB, DDR4, 3200 MHz",SSD 512 GB,NVIDIA GeForce GTX 1650Ti 4 GB & AMD Radeon Graphics,"15.6"", 1920 x 1080 Pixel, IPS, 144 Hz, 250 nits, LED-backlit",2.3,Windows 10,Asus TUF FA506II-AL016T/R7-4800H,23.690.000 ₫
71,Intel Core i5-10300H,"8 GB, DDR4, 3200 MHz",SSD 512 GB,NVIDIA GeForce GTX 1650Ti 4 GB & Intel HD Graphics 630,"15.6"", 1920 x 1080 Pixel, IPS, 144 Hz, 250 nits, Anti-glare LED-backlit",2.39,Windows 10,Asus Strix G512-IAL013T/I5-10300H,23.490.000 ₫
72,Intel Core i5-1135G7,"8 GB, DDR4, 3200 MHz",SSD 512 GB,Intel Iris Xe Graphics,"13.3"", 1920 x 1080 Pixel, IPS, 60 Hz, 400 nits, LED-backlit",1.31,Windows 10,HP Envy 13 ba1028TU i5 1135G7,23.290.000 ₫
73,Intel Core i7-10510U,"8 GB, DDR4, 2666 MHz",SSD 512 GB,NVIDIA GeForce MX250 2 GB & Intel UHD Graphics,"15.6"", 1920 x 1080 Pixel, IPS, 60 Hz, 250 nits, Anti-glare LED-backlit",2,Windows 10,HP ProBook 450 G7/i7-10510U,23.290.000 ₫
74,AMD Ryzen 5-4500U,"8 GB, DDR4, 3200 MHz",SSD 256 GB,AMD Radeon Graphics Vega 6,"13.3"", 1920 x 1080 Pixels, IPS, 60 Hz, 300 nits, FHD Touch",1.32kg,Windows 10 Home,HP Envy x360 13 ay0067AU R5 4500U/171N1PA,22.990.000 ₫
75,Intel Core i5-9300H,"8 GB, DDR4, 2666 MHz",SSD 512 GB,NVIDIA GeForce GTX 1650 4 GB & Intel HD Graphics 630,"15.6"", 1920 x 1080 Pixel, IPS, 144 Hz, 250 nits, Anti-glare LED-backlit",2.42,Windows 10,Asus Strix G531GT-HN553T/I5-9300H,22.590.000 ₫
76,Intel Core i5-1135G7,"8 GB, LPDDR4X, 4266 MHz",SSD 512 GB,Intel Iris Xe Graphics,"14.0"", 1920 x 1080 Pixel, IPS, 60 Hz, 300 nits, LED-backlit",1.17,Windows 10,Asus Zenbook UX425EA-BM066T/i5-1135G7,22.490.000 ₫
77,Intel Core i5-1135G7,"8 GB, LPDDR4, 4266 MHz",SSD 512 GB,Intel Iris Xe Graphics,"14.0"", 1920 x 1080 Pixel, IPS, 60 Hz, 300 nits, Anti-glare LED-backlit",1.17,Windows 10,Asus Zenbook UX425EA-BM069T/Core i5-1135G7,22.490.000 ₫
78,Intel Core i5-1135G7,"8 GB, LPDDR4, 3200 MHz",SSD 256 GB,Intel Iris Xe Graphics,"13.3"", 1920 x 1080 Pixel, IPS, 60 Hz, BrightView Micro-edge WLED-backlit",1.25,Windows 10,HP Envy 13 ba1027TU i5 1135G7/2K0B1PA,22.390.000 ₫
79,Intel Core i5-10300H,"8 GB, DDR4, 2933 MHz",SSD 512 GB,NVIDIA GeForce GTX 1650Ti 4 GB,"15.6"", 1920 x 1080 Pixel, IPS, 144 Hz, Acer ComfyView Anti-glare LED-backlit",2.3,Windows 10,Acer Nitro Gaming 5 AN515-55-5923/Core i5-10300H,22.390.000 ₫
80,Intel Core i5-10300H,"8 GB, DDR4, 2666 MHz",SSD 512 GB,NVIDIA GeForce GTX 1650Ti 4 GB & Intel UHD Graphics,"15.6"", 1920 x 1080 Pixel, IPS, 60 Hz, LED-backlit",2.3,Windows 10,Acer Nitro 5 AN515-55-5304 i5 10300H/NH.Q7NSV.002,22.390.000 ₫
81,Intel Core i5-10300H,"8 GB, DDR4, 2933 MHz",SSD 512 GB,NVIDIA GeForce GTX 1650Ti 4 GB & Intel HD Graphics 630,"15.6"", 1920 x 1080 Pixel, IPS, 144 Hz, 250 nits, LED Backlit",2.3,Windows 10,Asus TUF Gaming FX506LI-HN039T/i5-10300H,22.290.000 ₫
82,Intel Core i5-10300H,"8 GB, DDR4, 3200 MHz",SSD 512 GB,NVIDIA GeForce GTX 1650 4 GB & Intel UHD Graphics,"15.6"", 1920 x 1080 Pixel, IPS, 144 Hz, 250 nits, Anti-glare WLED-backlit",2.3,Windows 10,HP Pavilion Gaming 15-dk1083TX i5 10300H/206R0PA,22.290.000 ₫
83,AMD Ryzen 5-4600H,"8 GB, DDR4, 3200 MHz",SSD 512 GB,NVIDIA GeForce GTX 1650Ti 4 GB & AMD Radeon Graphics,"15.6"", 1920 x 1080 Pixel, IPS, 144 Hz, 250 nits, LED-backlit",2.3,Windows 10,Asus TUF FA506II-AL012T/R5-4600H,22.190.000 ₫
84,AMD Ryzen 5-4600H,"8 GB, DDR4, 3200 MHz",SSD 512 GB,NVIDIA GeForce GTX 1650 4 GB & AMD Radeon Graphics,"15.6"", 1920 x 1080 Pixel, IPS, 120 Hz, 250 nits, LED-backlit",2.3,Windows 10,Lenovo Legion 5-15ARH05/R5 4600H,21.990.000 ₫
85,Intel Core i5-10300H,"8 GB, DDR4, 2933 MHz",HDD 1000 GB & SSD 256 GB,NVIDIA GeForce GTX 1650 4 GB & Intel UHD Graphics,"15.6"", 1920 x 1080 Pixel, IPS, 60 Hz, 250 nits, Anti-glare WLED-backlit",2.34,Windows 10,Dell Gaming G3 15 3500 i5 10300H/70223130,21.990.000 ₫
86,Intel Core i5-9300H,"8 GB, DDR4, 2400 MHz",SSD 512 GB,Intel UHD Graphics 630,"15.6"", 1920 x 1080 Pixel, IPS, 60 Hz, LED-backlit",2.3,Windows 10,Acer Nitro Gaming 5 AN515 54 595D/i5-9300H,21.790.000 ₫
87,Intel Core i5-1035G4,"8 GB, DDR4, 3200 MHz",SSD 256 GB,Intel Iris Plus Graphics,"13.3"", 1920 x 1080 Pixel, IPS, 60 Hz, 200 nits, BrightView Micro-edge WLED-backlit",1.25,Windows 10,HP Envy 13-ba0045TU i5 1035G4/171M2PA,21.690.000 ₫
88,Intel Core i5-10210U,"8 GB, DDR4, 2400 MHz",SSD 512 GB,Intel UHD Graphics,"13.3"", 1920 x 1080 Pixel, IPS, 60 Hz, 300 nits, BrightView Micro-edge WLED-backlit",1.17,Windows 10,HP ENVY 13-aq1022TU/i5-10210U,21.390.000 ₫
89,Intel Core i5-10300H,"8 GB, DDR4, 2666 MHz",SSD 512 GB,NVIDIA GeForce GTX 1650 Max-Q 4 GB & Intel UHD Graphics,"15.6"", 1920 x 1080 Pixel, IPS, 60 Hz, LED-backlit",1.86,Windows 10,MSI GF63 Thin 10SCXR-427VN/Core i5-10300H,21.190.000 ₫
90,Intel Core i5-1135G7,"8 GB, LPDDR4X, 3200 MHz",SSD 256 GB,Intel Iris Xe Graphics,"13.3"", 1920 x 1080 Pixel, IPS, 60 Hz, 300 nits, Anti-glare LED-backlit",1.1,Windows 10,Asus Zenbook UX325EA-EG079T/i5-1135G7,21.190.000 ₫
91,Intel Core i5-1035G1,"8 GB, DDR4, 2666 MHz",SSD 512 GB,NVIDIA GeForce MX350 2 GB & Intel UHD Graphics,"15.6"", 1920 x 1080 Pixel, IPS, 60 Hz",1.8,Windows 10,Asus Vivobook S533JQ-BQ085T/i5-1035G1,20.990.000 ₫
92,Intel Core i5-10210U,"8 GB, 2666 MHz",SSD 512 GB,NVIDIA GeForce MX230 2 GB & Intel HD Graphics 630,"14.0"", 1920 x 1080 Pixel, TFT, 60 Hz, Anti-glare LED-backlit",1.12,Windows 10,Dell Inspiron N5490 i5 10210U,20.590.000 ₫
93,Intel Core i5-9300H,"8 GB, DDR4, 2666 MHz",SSD 512 GB,NVIDIA GeForce GTX 1650Ti 4 GB & Intel UHD Graphics,"15.6"", 1920 x 1080 Pixel, IPS, 144 Hz, 300 nits, IPS LCD LED Backlit, True Tone",1.86,Windows 10,MSI Gaming GF63 9SCSR-1057VN/i5 9300H,20.490.000 ₫
94,Intel Core i5-9300H,"8 GB, DDR4, 2666 MHz",SSD 512 GB,NVIDIA GeForce GTX 1650 4 GB & Intel UHD Graphics 630,"15.6"", 1920 x 1080 Pixel, IPS, 144 Hz, 250 nits, Anti-glare LED-backlit",2.2,Windows 10,Asus TUF Gaming FX505GT-HN111T/i5-9300H,19.990.000 ₫
95,Intel Core i5-10300H,"8 GB, DDR4, 2666 MHz",SSD 512 GB,NVIDIA GeForce GTX 1650 4 GB & Intel UHD Graphics,"15.6"", 1920 x 1080 Pixel, IPS, 144 Hz, 300 nits, IPS LCD LED Backlit, True Tone",1.86,Windows 10,MSI Gaming GF63-1218VN/Core i5-10300H,19.990.000 ₫
96,AMD Ryzen 7-3750H,"8 GB, DDR4, 2666 MHz",SSD 512 GB,NVIDIA GeForce GTX 1650 4 GB & AMD Radeon RX Graphics Vega 10,"15.6"", 1920 x 1080 Pixel, IPS, 60 Hz, LED-backlit",2.1,Windows 10,ACER Aspire Gaming 7 A715-41G-R1AZ/R7-3750H,19.990.000 ₫
97,AMD Ryzen 7-3750H,"8 GB, DDR4, 2666 MHz",SSD 512 GB,NVIDIA GeForce GTX 1650Ti 4 GB & AMD Radeon RX Graphics Vega 10,"15.6"", 1920 x 1080 Pixel, IPS, 60 Hz, LED-backlit",2.1,Windows 10,Acer Aspire Gaming A715-41G-R150/R7-3750H,19.790.000 ₫
98,Intel Core i5-1135G7,"8 GB, DDR4, 3200 MHz",SSD 256 GB,NVIDIA GeForce MX330 2 GB & Intel Iris Xe Graphics,"14.0"", 1920 x 1080 Pixel, WVA, 60 Hz, WVA Anti-glare LED Backlit Narrow Border",1.4,Windows 10,Dell Vostro V5402A i5 1135G7,19.690.000 ₫
99,AMD Ryzen 5-3550H,"8 GB, DDR4, 2400 MHz",HDD 1000 GB & SSD 128 GB,NVIDIA GeForce GTX 1650 4 GB & AMD Radeon Graphics Vega 8,"15.6"", 1920 x 1080 Pixel, IPS, 60 Hz, 300 nits, Anti-glare Micro-edge WLED-backlit",1.98,Windows 10,HP Pavilion Gaming 15-ec0050AX/R5-3550H,19.590.000 ₫
100,AMD Ryzen 5-4600H,"8 GB, DDR4, 3200 MHz",HDD 1000 GB & SSD 128 GB,NVIDIA GeForce GTX 1650 4 GB & AMD Radeon Graphics Vega 6,"15.6"", 1920 x 1080 Pixels, IPS, 144 Hz, 250 nits, IPS LCD",1.98 Kg,Windows 10 Home SL 64,HP Pavilion Gaming 15 ec1054AX R5 4600H/1N1H6PA,19.590.000 ₫
101,AMD Ryzen 5-4600H,"8 GB, DDR4, 3200 MHz",SSD 512 GB,AMD Radeon RX 5300M 3 GB & AMD Radeon Graphics,"15.6"", 1920 x 1080 Pixel, IPS, 60 Hz, LED-backlit",1.96,Windows 10,MSI Bravo 15 A4DCR-070VN/R5 4600H,19.490.000 ₫
102,AMD Ryzen 7-3750H,"8 GB, DDR4, 2400 MHz",SSD 512 GB,NVIDIA GeForce GTX 1650 4 GB & AMD Radeon Graphics,"15.6"", 1920 x 1080 Pixel, IPS, 144 Hz, 250 nits, Anti-glare LED-backlit",2.2,Windows 10,Asus TUF Gaming FX505DT-HN478T/R7-3750H,19.090.000 ₫
103,AMD Ryzen 7-4700U,"8 GB, DDR4, 3200 MHz",SSD 1 TB,AMD Radeon Graphics,"14.0"", 1920 x 1080 Pixel, IPS, 60 Hz, Anti-glare LED-backlit",1.45,Windows 10,Asus VivoBook M413IA-EK481T/R7-4700U,19.090.000 ₫
104,Intel Core i5-1135G7,"8 GB, DDR4, 3200 MHz",SSD 512 GB,Intel Iris Xe Graphics,"14.0"", 1920 x 1080 Pixel, IPS, 60 Hz, 250 nits, Anti-glare LED-backlit",1.4,Windows 10,Asus Vivobook S433EA-EB099T/i5-1135G7,18.990.000 ₫
105,Intel Core i5-5th-gen,"8 GB, LPDDR3, 1600 MHz",SSD 128 GB,Intel HD Graphics 6000,"13.3"", 1440 x 900 Pixel, LED-backlit",1.35,Mac OS,MacBook Air 13" 2017 1.8GHz Core i5 128GB,18.990.000 ₫
106,AMD Ryzen 5-3550H,"8 GB, DDR4, 2666 MHz",SSD 512 GB,NVIDIA GeForce GTX 1650Ti 4 GB & AMD Radeon RX Graphics Vega 10,"15.6"", 1920 x 1080 Pixel, IPS, 60 Hz, LED-backlit",2.1,Windows 10,Acer Aspire Gaming A715-41G-R282/R5-3550H,18.790.000 ₫
107,Intel Core i5-1135G7,"8 GB, DDR4, 3200 MHz",SSD 256 GB,Intel Iris Xe Graphics,"15.6"", 1920 x 1080 Pixel, WVA, 60 Hz, 220 nits, WVA Anti-glare LED Backlit Narrow Border",1.7,Windows 10,Dell Vostro V5502 i5 1135G7,18.690.000 ₫
108,AMD Ryzen 5-4600H,"8 GB, DDR4, 3200 MHz",SSD 256 GB,AMD Radeon Graphics,"15.6"", 1920 x 1080 Pixel, 144 Hz",1.96,Windows 10,MSI Gaming Bravo15 A4DCR-270VN/R5-4600H,18.690.000 ₫
109,Intel Core i5-9300H,"8 GB, DDR4, 2666 MHz",SSD 512 GB,NVIDIA GeForce GTX 1650 Max-Q 4 GB & Intel UHD Graphics 630,"15.6"", 1920 x 1080 Pixel, IPS, 60 Hz, LED-backlit",1.86,Windows 10,MTXT MSI GF63 9SCXR i5 9300H/075VN,18.690.000 ₫
110,Intel Core i5-1035G1,"8 GB, DDR4, 2666 MHz",SSD 512 GB,NVIDIA GeForce MX250 2 GB & Intel UHD Graphics,"15.6"", 1920 x 1080 Pixel, IPS, Anti-glare LED-backlit",1.761,Windows 10,HP Pavilion 15-cs3060TX/i5-1035G1,18.190.000 ₫
111,Intel Core i5-1135G7,"8 GB, DDR4, 3200 MHz",SSD 256 GB,Intel Iris Xe Graphics,"14.0"", 1920 x 1080 Pixel, WVA, 60 Hz, 220 nits, Anti-glare LED-backlit",1.4,Windows 10,Dell Vostro V5402 i5 1135G7,18.190.000 ₫
112,AMD Ryzen 5-3550H,"8 GB, DDR4, 2400 MHz",SSD 512 GB,NVIDIA GeForce GTX 1650 4 GB & AMD Radeon Graphics Vega 8,"15.6"", 1920 x 1080 Pixel, IPS, 144 Hz, LED Backlit",2.14,Windows 10,ASUS TUF Gaming FX505DT-HN488T/R5-3550H,18.090.000 ₫
113,Intel Core i5-10210U,"8 GB, DDR4, 2400 MHz",SSD 512 GB,NVIDIA GeForce MX250 2 GB & Intel UHD Graphics,"15.6"", 1920 x 1080 Pixel, 60 Hz, LED-backlit",1.7,Windows 10,Asus Vivobook A512FL-EJ765T/i5-10210U,18.090.000 ₫
114,Intel Core i7-1165G7,"8 GB, DDR4, 2666 MHz",SSD 512 GB,Intel Iris Xe Graphics,"15.6"", 1366 x 768 Pixel, SVA, 60 Hz, 250 nits, Ultra Slim",1.91,Windows 10,HP 15s fq2029TU i7 1165G7,18.090.000 ₫
115,Intel Core i5-8265U,"4 GB, DDR4, 2400 MHz",HDD 1 TB,NVIDIA GeForce MX130 2 GB & Intel UHD Graphics 620,"15.6"", 1920 x 1080 Pixel, TN, 60 Hz, LED-backlit",1.95,Windows 10,Dell Inspiron N5584/Core i5-8265U/N5I5384W,17.990.000 ₫
116,Intel Core i5-1135G7,"8 GB, DDR4, 3200 MHz",SSD 512 GB,Intel Iris Xe Graphics,"14.0"", 1920 x 1080 Pixel, IPS, 60 Hz",1.3,Windows 10,MSI Modern 14 B11MO-004VN/i5-1135G7,17.990.000 ₫
117,AMD Ryzen 7-4700H,"8 GB, DDR4, 3200 MHz",SSD 512 GB,AMD Radeon Graphics Vega 6,"14"", 1920 x 1080 Pixel, TN, 60 Hz, 220 nits, FHD Touch",1.5,Windows 10 Home SL 64,Lenovo IdeaPad Flex 5 14ARE05 R7 4700U/81X2008YVN,17.990.000 ₫
118,Intel Core i5-10210U,"8 GB, DDR4, 2666 MHz",SSD 512 GB,Intel UHD Graphics,"14.0"", 1920 x 1080 Pixel, TN, 60 Hz, 220 nits, LED-backlit",1.77,Windows 10,Lenovo ThinkPad E14/i5 10210U,17.990.000 ₫
119,Intel Core i5-10210U,"8 GB, DDR4, 2666 MHz",SSD 512 GB,Intel UHD Graphics,"14.0"", 1920 x 1080 Pixel, IPS, 60 Hz, 250 nits, Anti-glare LED-backlit",1.6,Windows 10,HP ProBook 440 G7/i5-10210U,17.590.000 ₫
120,Intel Core i5-1035G1,"8 GB, DDR4, 2666 MHz",SSD 512 GB,AMD Radeon 630 2 GB & Intel UHD Graphics,"15.6"", 1920 x 1080 Pixel, TN, 60 Hz, 220 nits, LED-backlit",1.8,Windows 10,Lenovo ThinkBook 15-IIL/i5-1035G1,17.490.000 ₫
121,Intel Core i5-1035G1,"8 GB, DDR4, 2666 MHz",SSD 512 GB,Intel UHD Graphics,"15.6"", 1920 x 1080 Pixel, IPS, Anti-glare LED-backlit",1.706,Windows 10,HP Pavilion 15-cs3011TU/i5-1035G1,17.290.000 ₫
122,Intel Core i5-1035G1,"8 GB, DDR4, 3200 MHz",SSD 512 GB,Intel UHD Graphics,"15.6"", 1920 x 1080 Pixel, IPS, 60 Hz, 300 nits, LED-backlit",1.66,Windows 10,Lenovo ideapad 5-15IIL05/i5 1035G1,17.190.000 ₫
123,Intel Core i5-1035G1,"8 GB, DDR4, 2666 MHz",SSD 512 GB,Intel UHD Graphics,"15.6"", 1920 x 1080 Pixel, IPS, 60 Hz, 250 nits, LED-backlit",2,Windows 10,Lenovo IdeaPad C340-15IIL/i5-1035G1,16.990.000 ₫
124,Intel Core i5-10210U,"8 GB, DDR4, 2400 MHz",SSD 512 GB,Intel UHD Graphics,"14.0"", 1920 x 1080 Pixel, 60 Hz, Anti-glare LED-backlit",1.5,Windows 10,Asus A412FA-EK740T/i5-10210U,16.990.000 ₫
125,Intel Core i5-1135G7,"8 GB, DDR4",SSD 512 GB,Intel Iris Xe Graphics,"14.0"", 1920 x 1080 Pixel, IPS, 250 nits, Anti-glare LED-backlit",1.35,Windows 10,Asus Vivobook A415EA-EB357T/i5-1135G7,16.890.000 ₫
126,Intel Core i5-1135G7,"8 GB, DDR4, 2666 MHz",SSD 512 GB,Intel Iris Xe Graphics,"15.6"", 1366 x 768 Pixel, SVA, 60 Hz, 250 nits, Ultra Slim",1.91,Windows 10,HP 15s fq2027TU i5 1135G7,16.190.000 ₫
127,Intel Core i5-1035G1,"8 GB, DDR4, 3200 MHz",SSD 256 GB,Intel UHD Graphics,"15.6"", 1920 x 1080 Pixel, IPS, 60 Hz, 300 nits, LED-backlit",1.66,Windows 10,Lenovo ideapad Slim 5 15IIL05 i5 1035G1/81YK004WVN,16.190.000 ₫
128,Intel Core i5-1035G1,"4 GB, DDR4, 2666 MHz",SSD 512 GB,NVIDIA GeForce MX330 2 GB & Intel UHD Graphics,"15.6"", 1920 x 1080 Pixel, IPS, 60 Hz, 200 nits, LED-backlit",1.78,Windows 10,Asus Vivobook X509JP-EJ014T/i5-1035G1,16.090.000 ₫
129,Intel Core i5-10210U,"8 GB, DDR4, 2666 MHz",SSD 256 GB,AMD Radeon 610 2 GB & Intel UHD Graphics,"15.6"", 1920 x 1080 Pixel, TN, 60 Hz, 220 nits, Anti-glare LED-backlit",2.17,Windows 10,Dell V3590 i5 10210U/P75F010N90B,16.090.000 ₫
130,AMD Ryzen 7-3700U,"8 GB, DDR4, 2400 MHz",SSD 512 GB,AMD Radeon RX Graphics Vega 10,"14.0"", 1920 x 1080 Pixel, WVA, 60 Hz, 220 nits, Anti-glare LED-backlit",1.7,Windows 10,Dell Vostro V3405 R7 3700U,16.090.000 ₫
131,Intel Core i5-1135G7,"8 GB, DDR4, 3200 MHz",SSD 512 GB,Intel Iris Xe Graphics,"15.6"", 1920 x 1080 Pixel, IPS, 300 nits, Anti-glare LED-backlit",1.66,Windows 10,Lenovo Ideapad Slim 5 15ITL05 i5 1135G7,15.990.000 ₫
132,Intel Core i5-1035G1,"4 GB, DDR4, 2666 MHz",SSD 256 GB,NVIDIA GeForce MX250 2 GB & Intel UHD Graphics,"15.6"", 1920 x 1080 Pixel, IPS, Anti-glare LED-backlit",1.755,Windows 10,HP Pavilion 15-cs3116TX/i5-1035G1,15.990.000 ₫
133,Intel Core i5-1035G1,"8 GB, DDR4, 2666 MHz",SSD 512 GB,Intel UHD Graphics,"14.0"", 1920 x 1080 Pixel, TN, 220 nits, LED-backlit",1.5,Windows 10,Lenovo ThinkBook 14-IIL/i5-1035G1,15.990.000 ₫
134,Intel Core i5-1035G1,"4 GB, DDR4, 2666 MHz",SSD 512 GB,Intel UHD Graphics,"15.6"", 1920 x 1080 Pixel, TN, 60 Hz, 220 nits, Anti-glare LED-backlit",2,Windows 10,Dell Inspiron N3593D i5 1035G1/P75F013N93D,15.690.000 ₫
135,Intel Core i5-8265U,"4 GB, DDR4, 2666 MHz",HDD 1000 GB,AMD Radeon 520 2 GB & Intel UHD Graphics,"15.6"", 1920 x 1080 Pixel, TN, 60 Hz, 300 nits, Anti-glare LED-backlit",2.28,Windows 10,Dell Vostro V3580I/Core i5-8265U/P75F010V80I,15.490.000 ₫
136,Intel Core i5-1035G1,"4 GB, DDR4, 2666 MHz",SSD 256 GB,NVIDIA GeForce MX230 2 GB & Intel UHD Graphics,"15.6"", 1920 x 1080 Pixel, TN, 120 Hz, LED-backlit",2,Windows 10,Dell Inspiron N3593 i5 1035G1/70205744,15.390.000 ₫
137,Intel Core i5-1035G1,"8 GB, DDR4, 2666 MHz",SSD 256 GB,Intel UHD Graphics,"15.6"", 1920 x 1080 Pixel, 60 Hz, Anti-glare LED-backlit",1.9,Windows 10,Dell Vostro V3591 i5 1035G1,15.290.000 ₫
138,Intel Core i5-1035G1,"4 GB, DDR4, 2666 MHz",SSD 256 GB,Intel UHD Graphics,"14.0"", 1920 x 1080 Pixel, IPS, 60 Hz, 250 nits, Anti-glare Micro-edge WLED-backlit",1.6,Windows 10,HP Pavilion 14-ce3018TU/i5-1035G1,15.290.000 ₫
139,Intel Core i5-1035G1,"8 GB, DDR4, 2400 MHz",SSD 512 GB,NVIDIA GeForce MX330 2 GB & Intel UHD Graphics,"15.6"", 1920 x 1080 Pixel, TN, 60 Hz, Acer ComfyView LED-backlit",1.9,Windows 10,Acer Aspire 3 A315-57G-524Z i5-1035G1,14.990.000 ₫
140,Intel Core i5-8265U,"4 GB, DDR4, 2666 MHz",Đang cập nhật,Intel UHD Graphics,"15.6"", 1920 x 1080 Pixel, IPS, 60 Hz, LED-backlit",1.9,Windows 10,Dell Vostro V5581/Core i5-8265U/70175952,14.990.000 ₫
141,AMD Ryzen 5-3500U,"8 GB, DDR4, 2400 MHz",SSD 512 GB,AMD Radeon Graphics,"14.0"", 1920 x 1080 Pixel, 60 Hz, Anti-glare LED-backlit",1.79,Windows 10,Dell Vostro V3405 R5 3500U,14.799.000 ₫
142,Intel Core i3-1005G1,"4 GB, DDR4, 3200 MHz",SSD 512 GB,Intel UHD Graphics,"14.0"", 1920 x 1080 Pixel, IPS, 60 Hz, 250 nits, WLED-backlit",1.65,Windows 10,HP Pavilion x360 14-dw0061TU/i3-1005G1,14.790.000 ₫
143,AMD Ryzen 5-3500U,"8 GB, DDR4, 2400 MHz",SSD 512 GB,AMD Radeon Graphics Vega 8,"14.0"", 1920 x 1080 Pixel, 60 Hz, LED-backlit",1.5,Windows 10,Asus Vivibook A412DA-EK160T/R5-3500U,14.690.000 ₫
144,Intel Core i5-1035G1,"4 GB, DDR4, 2400 MHz",SSD 512 GB,Intel UHD Graphics,"15.6"", 1920 x 1080 Pixel, TN, 60 Hz, 200 nits, LED-backlit",1.9,Windows 10,Asus Vivobook X509JA-EJ171T/i5-1035G1,14.690.000 ₫
145,Intel Core i3-8145U,"4 GB, DDR4, 2400 MHz",SSD 256 GB,Intel UHD Graphics 620,"15.6"", 1920 x 1080 Pixel, IPS, LED-backlit",1.8,Windows 10,Asus Vivobook S530FA-BQ431T/Core i3-8145U,14.490.000 ₫
146,Intel Core i5-1035G1,"4 GB, DDR4",SSD 512 GB,Intel UHD Graphics,"14.0"", 1920 x 1080 Pixel, SVA, 60 Hz, 200 nits, LED Backlit",1.6,Windows 10,Asus Vivobook X409JA-EK199T/i5-1035G1,14.190.000 ₫
147,Intel Core i3-8145U,"4 GB, DDR4, 2400 MHz",SSD 256 GB,Intel UHD Graphics 620,"14.0"", 1920 x 1080 Pixel, IPS, 60 Hz, LED-backlit",1.54,Windows 10,Asus Vivobook S430FA-EB459T/i3-8145U,13.990.000 ₫
148,Intel Core i3-8145U,"4 GB, DDR4, 2666 MHz",HDD 1000 GB,Intel UHD Graphics 620,"14.0"", 1920 x 1080 Pixel, 250 nits, LED-backlit",1.4,Windows 10,Asus Vivobook S430FA-EB069T/Core I3-8145U,13.890.000 ₫
149,Intel Core i3-10110U,"4 GB, DDR4, 2666 MHz",SSD 128 GB,Intel UHD Graphics 620,"14.0"", 1920 x 1080 Pixel, TN, 60 Hz, 220 nits, Anti-glare LED-backlit",1.49,Windows 10,Dell Inspiron V5490 i3 10110U/V4I3101W,13.790.000 ₫
150,Intel Core i3-10110U,"4 GB, DDR4, 2666 MHz",SSD 512 GB,Intel UHD Graphics,"14.0"", 1366 x 768 Pixel, SVA, 60 Hz, 220 nits, Anti-glare LED-backlit",1.6,Windows 10,HP ProBook 440 G7/i3-10110U,13.690.000 ₫
151,AMD Ryzen 5-2500U,"4 GB, DDR4, 2666 MHz",HDD 1 TB,AMD Radeon Graphics Vega 8,"15.6"", 1920 x 1080 Pixel, IPS, 60 Hz, LED-backlit",1.7,Windows 10,Acer Swift SF315-41-R0DX/R5-2500U/NX.GV7SV.005,13.490.000 ₫
152,Intel Core i3-1115G4,"4 GB, DDR4",SSD 512 GB,Intel UHD Graphics,"14.0"", 1920 x 1080 Pixel, IPS, 250 nits, Anti-glare LED-backlit",1.35,Windows 10,Asus Vivobook A415EA-EB356T/i3-1115G4,13.390.000 ₫
153,Intel Core i3-1005G1,"4 GB, DDR4, 2666 MHz",SSD 128 GB,Intel UHD Graphics,"15.6"", 1920 x 1080 Pixel, IPS, 60 Hz, LED-backlit",2.05,Windows 10,Dell Inspiron N5593 i3 1005G1/70196703,13.390.000 ₫
154,Intel Core i3-1005G1,"8 GB, DDR4, 2666 MHz",SSD 512 GB,Intel UHD Graphics,"14.0"", 1920 x 1080 Pixel, TN, 60 Hz, 220 nits, LED-backlit",1.6,Windows 10,Lenovo ideapad 3-14IIL05/i3-1005G1,13.290.000 ₫
155,Intel Core i3-1005G1,"4 GB, DDR4, 2666 MHz",SSD 512 GB,Intel UHD Graphics,"14.0"", 1920 x 1080 Pixel, TN, 60 Hz, 220 nits, LED-backlit",1.5,Windows 10,Lenovo ThinkBook 14-IIL/i3-1005G1,13.290.000 ₫
156,Intel Core i3-10110U,"4 GB, DDR4, 2400 MHz",SSD 512 GB,Intel UHD Graphics 620,"14.0"", 1920 x 1080 Pixel, IPS, 60 Hz, 250 nits, LED-backlit",1.5,Windows 10,Asus Vivobook TP412FA-EC599T/i3-10110U,13.190.000 ₫
157,AMD Ryzen 3-4300U,"4 GB, DDR4",SSD 256 GB,AMD Radeon Graphics,"14.0"", 1920 x 1080 Pixel, IPS, 60 Hz, 250 nits, LED-backlit",1.5,Windows 10,Asus Vivobook Flip TM420IA-EC155T/R3-4300U,13.190.000 ₫
158,Intel Core i5-8265U,"4 GB, DDR4, 2400 MHz",HDD 1000 GB,Intel UHD Graphics 620,"14.0"", 1920 x 1080 Pixel, IPS, 60 Hz, 250 nits, Anti-glare Micro-edge WLED-backlit",1.59,Windows 10,HP Pavilion 14-ce2040TU/Core i5 8265U,13.090.000 ₫
159,AMD Ryzen 5-3500U,"4 GB, DDR4, 2400 MHz",SSD 256 GB,AMD Radeon Graphics Vega 8,"15.6"", 1920 x 1080 Pixel, TN, 60 Hz, 220 nits, LED-backlit",1.8,Windows 10,Lenovo Ideapad S340-15API/R5-3500U,12.990.000 ₫
160,AMD Ryzen 5-3500U,"8 GB, DDR4, 2400 MHz",SSD 512 GB,AMD Radeon 625 2 GB & AMD Radeon Graphics Vega 8,"15.6"", 1920 x 1080 Pixel, TN, 60 Hz, Acer ComfyView LED-backlit",1.7kg,Windows 10 Home,Acer Aspire 3 A315-23G-R33Y/R5-3500U/NX.HVSSV.001,12.790.000 ₫
161,Intel Core i3-1005G1,"8 GB, DDR4, 2666 MHz",SSD 512 GB,Intel UHD Graphics,"15.6"", 1366 x 768 Pixel, SVA, 60 Hz, 220 nits, Micro-edge WLED-backlit",1.65,Windows 10,HP 15s-fq1116TU/i3-1005G1,12.690.000 ₫
162,Intel Core i3-1115G4,"4 GB, DDR4, 2666 MHz",Đang cập nhật,Intel UHD Graphics,"14.0"", 1920 x 1080 Pixel, IPS, 250 nits, LED Backlit",1.4,Windows 10,Asus VivoBook A415EA-EB358T/i3-1115G4,12.590.000 ₫
163,Intel Core i3-1005G1,"4 GB, DDR4, 2666 MHz",SSD 256 GB,Intel UHD Graphics,"15.6"", 1920 x 1080 Pixel, IPS, Anti-glare LED-backlit",1.693,Windows 10,HP Pavilion 15-cs3008TU/i3-1005G1,12.590.000 ₫
164,AMD Ryzen 5-3500U,"4 GB, DDR4, 2400 MHz",SSD 512 GB,AMD Radeon Graphics Vega 3,"14.0"", 1920 x 1080 Pixel, TN, 60 Hz, 200 nits, LED-backlit",1.9,Windows 10,Asus Vivobook D409DA-EK109T/R5-3500U,12.590.000 ₫
165,Intel Core i3-10110U,"4 GB, DDR4, 2666 MHz",SSD 256 GB,Intel UHD Graphics,"14.0"", 1920 x 1080 Pixel, IPS, WLED-backlit",1.633,Windows 10,HP Pavilion x360 14-dh1137TU/i3-10110U,12.590.000 ₫
166,Intel Core i3-10110U,"4 GB, DDR4, 2666 MHz",SSD 512 GB,Intel UHD Graphics,"14.0"", 1920 x 1080 Pixel, TN, 60 Hz, 200 nits, Anti-glare LED-backlit",1.5,Windows 10,Asus Vivobook A412FA-EK1178T/i3-10110U,12.490.000 ₫
167,Intel Core i3-1005G1,"4 GB, DDR4, 2666 Mhz",SSD 512 GB,Intel UHD Graphics,"14.0"", 1920 x 1080 Pixel, TN, LED-backlit",1.6,Windows 10,Lenovo Ideapad S340-14IIL/CORE I3 1005G1,12.290.000 ₫
168,Intel Core i3-7020U,"4 GB, DDR4, 2133 MHz",Đang cập nhật,AMD Radeon 520 2 GB & Intel HD Graphics 620,"15.6"", 1920 x 1080 Pixel, LED-backlit",2.18,Windows 10,Dell Inspiron N3581/Core i3-7020U/N5I3150W,12.290.000 ₫
169,Intel Core i5-1035G1,"4 GB, DDR4, 2400 MHz",SSD 256 GB,Intel UHD Graphics,"15.6"", 1920 x 1080 Pixel, 60 Hz, LED-backlit",1.7,Windows 10,Acer Aspire 3 A315 56 59XY i5 1035G1/NX.HS5SV.003,12.290.000 ₫
170,Intel Core i3-8130U,"8 GB, DDR4, 2133 MHz",SSD 512 GB,NVIDIA GeForce MX110 2 GB & Intel UHD Graphics 620,"15.6"", 1920 x 1080 Pixel, TN, 220 nits, LED-backlit",1.85,Windows 10,Lenovo IdeaPad S145/i3 8130U,11.990.000 ₫
171,Intel Core i3-1005G1,"4 GB, DDR4, 2666 MHz",SSD 256 GB,Intel UHD Graphics,"15.6"", 1920 x 1080 Pixel, TN, 60 Hz, 220 nits, Anti-glare LED-backlit",2.15,Windows 10,Dell Vostro V3591 i3 1005G1/V5I3308W,11.790.000 ₫
172,Intel Core i3-10110U,"4 GB, DDR4, 2666 MHz",SSD 256 GB,Intel UHD Graphics 620,"15.6"", 1920 x 1080 Pixel, TN, 60 Hz, 220 nits, Anti-glare LED-backlit",1.99,Windows 10,Dell Vostro V3590 i3-10110U/V5I3101W,11.790.000 ₫
173,Intel Core i3-1005G1,"4 GB, DDR4, 2666 MHz",SSD 256 GB,Intel UHD Graphics,"15.6"", 1920 x 1080 Pixel, TN, 60 Hz, 220 nits, Anti-glare LED-backlit",2,Windows 10,Dell Inspiron N3593C i3 1005G1/P75F013N93C,11.490.000 ₫
174,Intel Core i3-8145U,"4 GB, DDR4, 2400 MHz",SSD 512 GB,Intel UHD Graphics 620,"14.0"", 1920 x 1080 Pixel, 60 Hz, Anti-glare LED-backlit",1.5,Windows 10,Asus Vivobook A412FA-EK380T/Core i3-8145U,11.490.000 ₫
175,Intel Core i3-1005G1,"4 GB, DDR4, 2666 MHz",SSD 256 GB,Intel UHD Graphics,"15.6"", 1920 x 1080 Pixel, WVA, 60 Hz, 220 nits",1.91,Windows 10,Dell Inspiron N3501A i3 1005G1,11.440.000 ₫
176,AMD Ryzen 3-3250U,"4 GB, DDR4, 2400 MHz",SSD 512 GB,AMD Radeon Graphics Vega 3,"14.0"", 1920 x 1080 Pixel, TN, 60 Hz, 200 nits, Anti-glare LED-backlit",1.5,Windows 10,Asus Vivobook A412DA-EK612T/R3-3250U,11.390.000 ₫
177,AMD Ryzen 3-4300U,"4 GB, DDR4, 2666 MHz",SSD 512 GB,AMD Radeon Graphics,"14.0"", 1920 x 1080 Pixel, TN, 220 nits, LED-backlit",1.5,Windows 10,Lenovo IdeaPad 3 14ARE05 Ryzen 3 4300U/81W3002FVN,11.290.000 ₫
178,Intel Core i3-1005G1,"8 GB, DDR4, 2666 MHz",SSD 512 GB,Intel UHD Graphics 620,"15.6"", 1920 x 1080 Pixels, TN, 60 Hz, 200 nits, Anti - Glare",1.90 kg,Windows 10,Asus Vivobook X509JA-EJ247T/i3-1005G1,11.290.000 ₫
179,Intel Core i3-1005G1,"4 GB, DDR4, 2666 MHz",SSD 256 GB,NVIDIA GeForce MX130 2 GB & Intel UHD Graphics,"15.6"", 1366 x 768 Pixel, SVA, 60 Hz, 220 nits, Micro-edge WLED-backlit",1.75,Windows 10,HP 15s-du2049TX/i3-1005G1,11.190.000 ₫
180,AMD Ryzen 3-3200U,"4 GB, DDR4, 2400 MHz",SSD 512 GB,AMD Radeon Graphics Vega 3,"14.0"", 1920 x 1080 Pixel, 60 Hz, LED-backlit",1.5,Windows 10,Asus Vivobook A412DA-EK347T/R3-3200U,11.190.000 ₫
181,Intel Core i3-8145U,"4 GB, DDR4, 2400 MHz",SSD 512 GB,Intel UHD Graphics 620,"15.6"", 1920 x 1080 Pixel, 60 Hz, LED-backlit",1.9,Windows 10,Asus Vivobook X509FA-EJ871T/i3-8145U,10.890.000 ₫
182,Intel Core i3-1005G1,"4 GB, DDR4, 2666 MHz",SSD 256 GB,Intel UHD Graphics,"14.0"", 1920 x 1080 Pixel, LED-backlit",1.724,Windows 10,Dell Inspiron N3493 i3 1005G1/WTW3M2,10.790.000 ₫
183,Intel Core i3-8145U,"4 GB, DDR4, 2400 MHz",SSD 512 GB,Intel UHD Graphics 620,"14.0"", 1920 x 1080 Pixel, 60 Hz, LED-backlit",1.6,Windows 10,Asus Vivobook X409FA-EK470T/i3-8145U,10.690.000 ₫
184,AMD Ryzen 3-3250U,"4 GB, DDR4, 2400 MHz",SSD 512 GB,AMD Radeon Graphics Vega 3,"14.0"", 1366 x 768 Pixel, SVA, 60 Hz, 220 nits, LED-backlit",1.47,Windows 10,HP 14s-dk1062au/ R3 3250U,10.690.000 ₫
185,Intel Core i3-1005G1,"4 GB, DDR4, 2666 MHz",SSD 256 GB,Intel UHD Graphics,"15.6"", 1366 x 768 Pixel, SVA, 60 Hz, 220 nits, Micro-edge WLED-backlit",1.65,Windows 10,HP 15s-fq1107TU/i3-1005G1,10.690.000 ₫
186,Intel Core i3-1005G1,"4 GB, DDR4, 2666 MHz",SSD 512 GB,Intel UHD Graphics 620,"15.6"", 1920 x 1080 Pixels, 60 Hz, 200 nits, Anti - Glare",1.90 kg,Windows 10,Asus Vivobook X509JA-EJ371T/i3-1005G1,10.690.000 ₫
187,Intel Core i3-8130U,"4 GB, DDR4, 2666 MHz",SSD 256 GB,Intel UHD Graphics 620,"14.0"", 1366 x 768 Pixel, 60 Hz, 220 nits, WLED-backlit",1.42,Windows 10,HP 348 G7 i3 8130U/9PG80PA,10.690.000 ₫
188,Intel Core i3-1005G1,"4 GB, DDR4, 2400 MHz",SSD 256 GB,Intel HD Graphics 520,"14.0"", 1920 x 1080 Pixel, TN, 60 Hz, 220 nits, Nano Edge",1.6,Windows 10,Asus Vivobook X409JA-EK237T/i3-1005G1,10.290.000 ₫
189,Intel Core i3-1005G1,"4 GB, DDR4, 2400 MHz",SSD 256 GB,Intel HD Graphics 520,"14.0"", 1920 x 1080 Pixel, TN, 60 Hz, 220 nits, Nano Edge",1.6,Windows 10,Asus Vivobook X409JA-EK237T/i3-1005G1,10.290.000 ₫
190,Intel Core i3-1005G1,"4 GB, DDR4",SSD 256 GB,Intel UHD Graphics,"14.0"", 1920 x 1080 Pixel, SVA, 60 Hz, 200 nits, LED Backlit",1.6,Windows 10,Asus Vivobook X409JA-EK312T/i3-1005G1,10.290.000 ₫
191,AMD Ryzen 3-3250U,"4 GB, DDR4, 2400 MHz",SSD 256 GB,AMD Radeon Graphics Vega 3,"14.0"", 1366 x 768 Pixel, SVA, 60 Hz, 220 nits, LED-backlit",1.47,Windows 10,HP 14s-dk1055au/R3 3250U,9.790.000 ₫
192,AMD Ryzen 3-3250U,"4 GB, DDR4, 2400 MHz",SSD 256 GB,AMD Radeon Graphics Vega 3,"14.0"", 1920 x 1080 Pixel, TN, 60 Hz, 200 nits, Anti-glare LED-backlit",1.9,Windows 10,Asus Vivobook D409DA-EK500T/R3-3250U,9.690.000 ₫
193,AMD Ryzen 3-3250U,"4 GB, DDR4, 2400 MHz",SSD 256 GB,AMD Radeon Graphics,"15.6"", 1920 x 1080 Pixel, 60 Hz, LED-backlit",1.7,Windows 10,Acer Aspire 3 A315 23 R8BA R3 3250U/NX.HVUSV.001,9.490.000 ₫
194,AMD Ryzen 3-3200U,"4 GB, DDR4, 2400 MHz",SSD 256 GB,AMD Radeon Graphics Vega 3,"14.0"", 1920 x 1080 Pixel, TN, 60 Hz, 200 nits, LED-backlit",1.9,Windows 10,Asus Vivobook D409DA-EK110T/R3-3200U,9.490.000 ₫
195,AMD Ryzen 3-3250U,"4 GB, DDR4, 2400 MHz",SSD 256 GB,AMD Radeon Graphics,"15.6"", 1920 x 1080 Pixel, TN, 220 nits, LED-backlit",1.5,Windows 10,Lenovo IdeaPad 3 15ADA05 R3 3250U/81W100GUVN,9.490.000 ₫
196,AMD Ryzen 3-3200U,"4 GB, DDR4, 2400 MHz",SSD 256 GB,AMD Radeon Graphics,"14.0"", 1920 x 1080 Pixels, 220 nits, FHD",1.6 kg,Windows 10 Home,Lenovo Ideapad S145 - 14API/R3 3200U,9.290.000 ₫
197,Intel Pentium N5000,"4 GB, DDR4, 2400 MHz",SSD 256 GB,Intel UHD Graphics 605,"15.6"", 1366 x 768 Pixel, 60 Hz, Anti-glare LED-backlit",1.7,Windows 10,Asus Vivobook X509MA-BR063T/N5000,7.990.000 ₫
198,Intel Pentium N5030,"4 GB, DDR4, 2400 MHz",SSD 256 GB,Intel UHD Graphics 605,"15.6"", 1366 x 768 Pixel, 60 Hz, 200 nits, Anti-glare LED-backlit",1.7,Windows 10,Asus Vivobook X509MA-BR338T/N5030,7.990.000 ₫
199,Intel Celeron N4020,"4 GB, DDR4, 2666 MHz",SSD 256 GB,Intel UHD Graphics 600,"15.6"", 1280 x 720 Pixel, Acer ComfyView LED-backlit",1.7,Windows 10,Acer Aspire 3 A315 34 C38Y CDC N4020/NX.HE3SV.00G,6.999.000 ₫
200,,,,,,,,Asus Vivobook X509MA-BR272T/N4020,6.990.000 ₫
201,Intel Core i7-10750H,"16 GB, DDR4, 2933 MHz",SSD 1 TB,NVIDIA GeForce GTX 1660Ti Max-Q 6 GB & Intel UHD Graphics,"15.6"", 1920 x 1080 Pixel, IPS, 60 Hz, 400 nits, LED Backlit",2.14,Windows 10,HP Envy 15-ep0145TX i7 10750H,54.490.000 ₫
202,Intel Core i7-10750H,"16 GB, DDR4, 2666 MHz",SSD 512 GB,Intel UHD Graphics,"15.6"", 1920 x 1080 Pixel, IPS, 144 Hz, LED-backlit",2.3,Windows 10,MSI Leopard GL65 10SDK-242VN/Core i7-10750H,33.490.000 ₫
203,Intel Core i7-10750H,"8 GB, DDR4, 2666 MHz",SSD 512 GB,NVIDIA GeForce RTX 2060 6 GB,"15.6"", 1920 x 1080 Pixel, IPS, 144 Hz",1.86,Windows 10,MSI Gaming GF65 10SER-622VN/i7-10750H,32.490.000 ₫
204,Intel Core i5-10210U,"8 GB, LPDDR4, 1600 MHz",SSD 256 GB,NVIDIA Quadro P520 4GB & Intel UHD Graphics 620,"14.0"", 1920 x 1080 Pixel, IPS, 60 Hz, 400 nits, Anti-glare LED-backlit",1.41,Windows 10,HP Zbook Firefly 14 G7 i5 10210U/8VK70AV,31.400.000 ₫
205,Intel Core i7-10750H,"8 GB, DDR4, 2933 MHz",SSD 512 GB,NVIDIA GeForce GTX 1660Ti 6 GB,"15.6"", 1920 x 1080 Pixel, WVA, 120 Hz, 250 nits, Anti-glare LED-backlit",2.34,Windows 10,Dell G5 15 5500 i7 10750H,30.890.000 ₫
206,Intel Core i7-1185G7,"16 GB, LPDDR4",SSD 512 GB,Intel Iris Xe Graphics,"14.0"", 1920 x 1080 Pixel, IPS, 60 Hz, 300 nits",1.29,Windows 10,MSI Prestige 14EVO A11M-089VN i7-1185G7,29.990.000 ₫
207,Intel Core i5-10300H,"16 GB, DDR4, 2666 MHz",SSD 512 GB,NVIDIA GeForce GTX 1660Ti 6 GB & Intel UHD Graphics,"15.6"", 1920 x 1080 Pixel, IPS, 144 Hz, 300 nits, Acer ComfyView Anti-glare LED-backlit",1.86,Windows 10,MSI Gaming GF65 10SDR-623VN/i5-10300H,28.990.000 ₫
208,Intel Core i7-10750H,"8 GB, DDR4, 2933 MHz",SSD 512 GB,NVIDIA GeForce GTX 1650 4 GB & Intel UHD Graphics 630,"15.6"", 1920 x 1080 Pixels, IPS, 60 Hz, 250 nits, IPS LCD",2.23 Kg,Windows 10 Home SL 64,HP Pavilion Gaming 15 dk1074TX i7 10750H/1K3U8PA,26.990.000 ₫
209,Intel Core i7-1165G7,"8 GB, LPDDR4, 4266 MHz",SSD 512 GB,NVIDIA GeForce MX350 2 GB & Intel Iris Xe Graphics,"13.3"", 1920 x 1080 Pixel, WVA, 60 Hz, 300 nits, Anti-glare LED-backlit",1.25,Windows 10,Dell Vostro V5301 i7 1165G7,26.990.000 ₫
210,AMD Ryzen 7-4700U,"8 GB, DDR4, 3200 MHz",SSD 256 GB,AMD Radeon Graphics,"13.3"", 1920 x 1080 Pixels, IPS, 60 Hz, 300 nits, FHD Touch",1.32kg,Windows 10 Home,HP Envy x360 13 ay0069AU R7 4700U/171N3PA,26.690.000 ₫
211,Intel Core i5-1135G7,"8 GB, DDR4, 3200 MHz",SSD 512 GB,NVIDIA GeForce MX330 2 GB & Intel Iris Xe Graphics,"14.0"", 1920 x 1080 Pixel, WVA, 60 Hz, 220 nits, WVA Anti-glare LED Backlit Narrow Border",1.72,Windows 10,Dell Insprion N5406 i5 1135G7,24.490.000 ₫
212,Intel Core i5-10300H,"8 GB, DDR4, 2933 MHz",SSD 512 GB,NVIDIA GeForce GTX 1650 4 GB & Intel UHD Graphics,"15.6"", 1920 x 1080 Pixel, IPS, 120 Hz, 250 nits, LED-backlit",2.3,Windows 10,Lenovo Legion 5 15IMH05 i5 10300H/82AU004XVN,23.790.000 ₫
213,Intel Core i7-1165G7,"8 GB, DDR4, 3200 MHz",SSD 512 GB,NVIDIA GeForce MX330 2 GB & Intel Iris Xe Graphics,"15.6"", 1920 x 1080 Pixel, WVA, 60 Hz, 220 nits, WVA Anti-glare LED Backlit Narrow Border",1.96,Windows 10,Dell Inspiron N3501 i7 1165G7,21.390.000 ₫
214,Intel Core i5-1135G7,"8 GB, DDR4, 3200 MHz",SSD 512 GB,Intel Iris Xe Graphics,"14.0"", 1920 x 1080 Pixel, WVA, 60 Hz, 220 nits, WVA Anti-glare LED Backlit Narrow Border",1.72,Windows 10,Dell Inspiron N5406 2 in 1 i5 1135G7,21.190.000 ₫
215,Intel Core i5-10300H,"8 GB, DDR4, 2933 MHz",SSD 512 GB,NVIDIA GeForce GTX 1650 4 GB & Intel UHD Graphics,"15.6"", 1920 x 1080 Pixel, IPS, 60 Hz, 250 nits",2.2,Windows 10,Lenovo IdeaPad Gaming 3 15IMH05 i5 10300H/81Y4006SVN,20.990.000 ₫
216,AMD Ryzen 7-4800H,"8 GB, DDR4, 3200 MHz",SSD 512 GB,NVIDIA GeForce GTX 1650 4 GB & AMD Radeon Graphics,"15.6"", 1920 x 1080 Pixel, IPS, 60 Hz, 250 nits",2.2,Windows 10,Lenovo IdeaPad Gaming 3 15ARH05 R7 4800H/82EY005RVN,19.790.000 ₫
217,Intel Core i5-1135G7,"8 GB, DDR4, 3200 MHz",SSD 512 GB,NVIDIA GeForce MX330 2 GB & Intel Iris Xe Graphics,"15.6"", 1920 x 1080 Pixel, WVA, 60 Hz, 220 nits, WVA Anti-glare LED Backlit Narrow Border",1.96,Windows 10,Dell Inspiron N3501 i5 1135G7,18.590.000 ₫
218,Intel Core i5-1135G7,"8 GB, DDR4, 3200 MHz",SSD 512 GB,Intel Iris Xe Graphics,"14.0"", 1920 x 1080 Pixel, IPS, 60 Hz, 250 nits, LED-backlit",1.5,Windows 10,Lenovo IdeaPad Flex 5 14ITL05 i5 1135G7,17.590.000 ₫
219,Intel Core i5-1035G1,"8 GB, DDR4, 2666 MHz",SSD 256 GB,Intel UHD Graphics,"14.0"", 1920 x 1080 Pixel, WVA, 60 Hz, 220 nits, Anti-glare LED-backlit",1.66,Windows 10,Dell Vostro V3491 i5 1035G1,15.690.000 ₫
220,Intel Core i5-1035G1,"4 GB, DDR4, 2666 MHz",SSD 512 GB,Intel UHD Graphics,"15.6"", 1366 x 768 Pixel, SVA, 60 Hz, 220 nits, Micro-edge WLED-backlit",1.65,Windows 10,HP 15s-fq1017TU/i5-1035G1,14.890.000 ₫
221,Intel Core i3-1115G4,"8 GB, DDR4, 2666 MHz",SSD 256 GB,Intel Iris Xe Graphics,"14.0"", 1920 x 1080 Pixel, WVA, 60 Hz, 220 nits, WVA Anti-glare LED Backlit Narrow Border",1.64,Windows 10,Dell Vostro V3400 i3 1115G4,11.990.000 ₫
