,CPU,Chip đồ họa,RAM,Màn hình,Lưu trữ,Kích thước,Khối lượng
0,"Intel Core i7-1165G7 ( 4.7 GHz / 12MB / 4 nhân, 8 luồng )",Intel Iris Xe Graphics,8GB Onboard DDR4 3200MHz Không nâng cấp được ),"14"" ( 1920 x 1080 ) Full HD IPS không cảm ứng , Màn hình gương , HD webcam",512GB SSD M.2 NVMe /,32.06 x 20.818 x 1.49 cm,1.4 kg
1,"Intel Core i7-1165G7 ( 4.7 GHz / 12MB / 4 nhân, 8 luồng )",NVIDIA GeForce MX450 2GB GDDR5 / Intel Iris Xe Graphics,1 x 16GB DDR4 3200MHz ( 2 Khe cắm / Hỗ trợ tối đa 32GB ),"15.6"" ( 1920 x 1080 ) Full HD IPS không cảm ứng , Màn hình chống lóa , HD webcam",512GB SSD M.2 NVMe /,35.94 x 23.39 x 1.99 cm,1.7 kg
2,"Intel Core i7-1165G7 ( 4.7 GHz / 12MB / 4 nhân, 8 luồng )",NVIDIA GeForce MX450 2GB GDDR5 / Intel Iris Xe Graphics,1 x 8GB DDR4 3200MHz ( 2 Khe cắm / Hỗ trợ tối đa 32GB ),"15.6"" ( 1920 x 1080 ) Full HD IPS không cảm ứng , Màn hình chống lóa , HD webcam",512GB SSD M.2 NVMe /,35.94 x 23.39 x 1.99 cm,1.7 kg
3,"Intel Core i7-1165G7 ( 4.7 GHz / 12MB / 4 nhân, 8 luồng )",Intel Iris Xe Graphics,1 x 8GB DDR4 3200MHz ( 2 Khe cắm / Hỗ trợ tối đa 32GB ),"15.6"" ( 1920 x 1080 ) Full HD IPS không cảm ứng , Màn hình chống lóa , HD webcam",512GB SSD M.2 NVMe /,35.94 x 23.39 x 1.99 cm,1.7 kg
4,"Intel Core i5-1135G7 ( 4.2 GHz / 8MB / 4 nhân, 8 luồng )",Intel Iris Xe Graphics,1 x 8GB DDR4 3200MHz ( 2 Khe cắm / Hỗ trợ tối đa 32GB ),"15.6"" ( 1920 x 1080 ) Full HD IPS không cảm ứng , Màn hình chống lóa , HD webcam",256GB SSD M.2 NVMe /,35.94 x 23.39 x 1.99 cm,1.7 kg
5,"Intel Core i3-1115G4 ( 4.1 GHz / 6MB / 2 nhân, 4 luồng )",Intel UHD Graphics,1 x 4GB Onboard DDR4 3200MHz Không nâng cấp được ),"14"" ( 1920 x 1080 ) Full HD IPS không cảm ứng , HD webcam",256GB SSD M.2 NVMe /,32.49 x 21.5 x 1.79 cm,1.4 kg
6,"Intel Core i5-1135G7 ( 4.2 GHz / 8MB / 4 nhân, 8 luồng )",Intel Iris Xe Graphics,1 x 8GB DDR4 3200MHz ( 2 Khe cắm / Hỗ trợ tối đa 16GB ),"15.6"" ( 1920 x 1080 ) Full HD không cảm ứng , Màn hình chống lóa , HD webcam",512GB SSD M.2 NVMe /,35.61 x 23.45 x 1.79 cm,1.6 kg
7,"Intel Core i5-1135G7 ( 4.2 GHz / 8MB / 4 nhân, 8 luồng )",NVIDIA GeForce MX330 2GB GDDR5 / Intel Iris Xe Graphics,1 x 8GB DDR4 3200MHz ( 2 Khe cắm / Hỗ trợ tối đa 32GB ),"15.6"" ( 1920 x 1080 ) Full HD không cảm ứng , Màn hình chống lóa , HD webcam",512GB SSD M.2 NVMe /,35.61 x 23.45 x 1.79 cm,1.6 kg
8,"Intel Core i7-1165G7 ( 4.7 GHz / 12MB / 4 nhân, 8 luồng )",NVIDIA GeForce MX330 2GB GDDR5 / Intel Iris Xe Graphics,1 x 8GB DDR4 3200MHz ( 2 Khe cắm / Hỗ trợ tối đa 32GB ),"14"" ( 1920 x 1080 ) Full HD IPS cảm ứng , HD webcam",512GB SSD M.2 NVMe /,32.43 x 22.29 x 1.894 cm,1.5 kg
9,"Intel Core i5-10300H ( 2.5 GHz - 4.5 GHz / 8MB / 4 nhân, 8 luồng )",NVIDIA GeForce GTX 1650 4GB GDDR6 / Intel UHD Graphics,8GB Onboard DDR4 2933MHz ( 1 Khe cắm / Hỗ trợ tối đa 24GB ),"15.6"" ( 1920 x 1080 ) Full HD WVA không cảm ứng , Màn hình chống lóa , HD webcam",512GB SSD M.2 NVMe /,35.61 x 23.45 x 1.89 cm,1.9 kg
10,"Intel Core i5-1135G7 ( 4.2 GHz / 8MB / 4 nhân, 8 luồng )",NVIDIA GeForce MX330 2GB GDDR5 / Intel Iris Xe Graphics,8GB Onboard DDR4 3200MHz ( 1 Khe cắm / Hỗ trợ tối đa 24GB ),"15.6"" ( 1920 x 1080 ) Full HD WVA không cảm ứng , HD webcam",512GB SSD M.2 NVMe /,324.3 x 222.9 x 18.94 cm,1.7 kg
11,"Intel Core i5-1135G7 ( 4.2 GHz / 8MB / 4 nhân, 8 luồng )",Intel Iris Xe Graphics,8GB Onboard DDR4 3200MHz Không nâng cấp được ),"14"" ( 1920 x 1080 ) Full HD IPS không cảm ứng , HD webcam",512GB SSD M.2 NVMe /,32.40 x 21.30 x 1.59 cm,1.4 kg
12,"Intel Core i7-1165G7 ( 4.7 GHz / 12MB / 4 nhân, 8 luồng )",Intel Iris Xe Graphics,16GB Onboard LPDDR4X 4266MHz Không nâng cấp được ),"13.3"" ( 3840 x 2160 ) Ultra HD (4K) OLED cảm ứng , HD webcam",1TB SSD M.2 NVMe /,30.5 x 21.1 x 1.39 cm,1.2 kg
13,"Intel Core i5-1135G7 ( 4.2 GHz / 8MB / 4 nhân, 8 luồng )",Intel Iris Xe Graphics,1 x 8GB LPDDR4X 4266MHz Không nâng cấp được ),"13.3"" ( 1920 x 1080 ) Full HD OLED cảm ứng , HD webcam",512GB SSD M.2 NVMe /,30.5 x 21.10 x 1.39 cm,1.3 kg
14,"Intel Core i7-1165G7 ( 4.7 GHz / 12MB / 4 nhân, 8 luồng )",NVIDIA GeForce MX330 2GB GDDR5 / Intel Iris Xe Graphics,1 x 8GB DDR4 3200MHz ( 2 Khe cắm / Hỗ trợ tối đa 32GB ),"15.6"" ( 1920 x 1080 ) Full HD WVA không cảm ứng , HD webcam",512GB SSD M.2 NVMe /,35.61 x 23.45 x 1.79 cm,1.6 kg
15,"Intel Core i5-1135G7 ( 4.2 GHz / 8MB / 4 nhân, 8 luồng )",NVIDIA GeForce MX330 2GB GDDR5 / Intel Iris Xe Graphics,1 x 8GB DDR4 3200MHz ( 2 Khe cắm / Hỗ trợ tối đa 16GB ),"15.6"" ( 1920 x 1080 ) Full HD không cảm ứng , Màn hình chống lóa , HD webcam",512GB SSD M.2 NVMe /,35.61 x 23.45 x 1.79 cm,1.6 kg
16,"Intel Core i5-1135G7 ( 4.2 GHz / 8MB / 4 nhân, 8 luồng )",Intel Iris Xe Graphics,8GB Onboard LPDDR4X 4266MHz Không nâng cấp được ),"13.3"" ( 1920 x 1080 ) Full HD không cảm ứng , Màn hình chống lóa , HD webcam",512GB SSD M.2 NVMe /,30.6 x 20.4 x 1.59 cm,1.12 kg
17,"Intel Core i5-1135G7 ( 4.2 GHz / 8MB / 4 nhân, 8 luồng )",Intel Iris Xe Graphics,8GB Onboard LPDDR4X 4266MHz Không nâng cấp được ),"13.3"" ( 1920 x 1080 ) Full HD không cảm ứng , Màn hình chống lóa , HD webcam",256GB SSD M.2 NVMe /,30.6 x 20.4 x 1.59 cm,1.12 kg
18,"Intel Core i5-1135G7 ( 4.2 GHz / 8MB / 4 nhân, 8 luồng )",Intel Iris Xe Graphics,1 x 8GB DDR4 Không nâng cấp được ),"15.6"" ( 1920 x 1080 ) Full HD IPS không cảm ứng , Màn hình chống lóa , HD webcam",512GB SSD M.2 NVMe /,35.98 x 23.38 x 1.61 cm,1.8 kg
19,"Intel Core i5-1135G7 ( 4.2 GHz / 8MB / 4 nhân, 8 luồng )",Intel Iris Xe Graphics,8GB Onboard DDR4 Không nâng cấp được ),"15.6"" ( 1920 x 1080 ) Full HD IPS không cảm ứng , Màn hình chống lóa , HD webcam",512GB SSD M.2 NVMe /,35.98 x 23.38 x 1.61 cm,1.8 kg
20,"Intel Core i5-1135G7 ( 4.2 GHz / 8MB / 4 nhân, 8 luồng )",Intel Iris Xe Graphics,8GB Onboard DDR4 3200MHz Không nâng cấp được ),"14"" ( 1920 x 1080 ) Full HD IPS không cảm ứng , Màn hình chống lóa , HD webcam",512GB SSD M.2 NVMe /,32.15 x 21.15 x 1.79 cm,1.4 kg
21,"Intel Core i5-1135G7 ( 4.2 GHz / 8MB / 4 nhân, 8 luồng )",Intel Iris Xe Graphics,8GB Onboard DDR4 3200MHz Không nâng cấp được ),"14"" ( 1920 x 1080 ) Full HD IPS không cảm ứng , HD webcam",512GB SSD M.2 NVMe /,32.06 x 20.8 x 14.9 cm,1.4 kg
22,"Intel Core i7-1165G7 ( 4.7 GHz / 12MB / 4 nhân, 8 luồng )",NVIDIA GeForce MX450 2GB GDDR6 / Intel Iris Xe Graphics,16GB Onboard LPDDR4X 4266MHz Không nâng cấp được ),"14"" ( 1920 x 1080 ) Full HD IPS cảm ứng , HD webcam",512GB SSD M.2 NVMe /,31.9 x 19.9 x 1.79 cm,1.3 kg
23,"Intel Core i5-1135G7 ( 4.2 GHz / 8MB / 4 nhân, 8 luồng )",Intel Iris Xe Graphics,1 x 8GB DDR4 3200MHz ( 2 Khe cắm / Hỗ trợ tối đa 32GB ),"15.6"" ( 1920 x 1080 ) Full HD WVA không cảm ứng , HD webcam",256GB SSD M.2 NVMe /,35.61 x 23.45 x 1.79 cm,1.7 kg
24,"Intel Core i5-1135G7 ( 4.2 GHz / 8MB / 4 nhân, 8 luồng )",Intel Iris Xe Graphics,1 x 8GB LPDDR4X 3200MHz ( 2 Khe cắm / Hỗ trợ tối đa 16GB ),"14"" ( 1920 x 1080 ) Full HD WVA không cảm ứng , HD webcam",256GB SSD M.2 NVMe /,32.31 x 21.62 x 1.79 cm,1.4 kg
25,"Intel Core i7-1165G7 ( 4.7 GHz / 12MB / 4 nhân, 8 luồng )",NVIDIA GeForce MX330 2GB GDDR5 / Intel Iris Xe Graphics,1 x 16GB DDR4 3200MHz ( 2 Khe cắm / Hỗ trợ tối đa 32GB ),"15.6"" ( 1920 x 1080 ) Full HD WVA không cảm ứng , HD webcam",512GB SSD M.2 NVMe /,35.61 x 23.45 x 1.79 cm,1.7 kg
26,"Intel Core i5-1135G7 ( 4.2 GHz / 8MB / 4 nhân, 8 luồng )",Intel Iris Xe Graphics,1 x 8GB DDR4 3200MHz ( 2 Khe cắm / Hỗ trợ tối đa 64GB ),"15.6"" ( 1920 x 1080 ) Full HD IPS không cảm ứng , HD webcam",512GB SSD M.2 NVMe /,36.49 x 25.69 x 1.9 cm,2 kg
27,"Intel Core i7-10750H ( 2.6 GHz - 5.0 GHz / 12MB / 6 nhân, 12 luồng )",NVIDIA GeForce RTX 2060 6GB GDDR6 / Intel Iris Xe Graphics,2 x 8GB LPDDR4X 2933MHz ( 2 Khe cắm / Hỗ trợ tối đa 32GB ),"15.6"" ( 1920 x 1080 ) Full HD WVA không cảm ứng , HD webcam",512GB SSD M.2 NVMe /,35.72 x 26.77 x 1.88 cm,2.6 kg
28,"Intel Core i7-1165G7 ( 4.7 GHz / 12MB / 4 nhân, 8 luồng )",Intel Iris Xe Graphics,2 x 4GB DDR4 2666MHz ( 2 Khe cắm / Hỗ trợ tối đa 16GB ),"15.6"" ( 1366 x 768 ) HD IPS không cảm ứng , HD webcam",512GB SSD M.2 NVMe /,35.85 x 24.2 x 1.79 cm,1.7 kg
29,"Intel Core i5-1135G7 ( 4.2 GHz / 8MB / 4 nhân, 8 luồng )",Intel Iris Xe Graphics,2 x 4GB DDR4 2666MHz ( 2 Khe cắm / Hỗ trợ tối đa 16GB ),"15.6"" ( 1366 x 768 ) HD IPS không cảm ứng , HD webcam",512GB SSD M.2 NVMe /,36 x 27.5 x 2.58 cm,1.7 kg
30,"Intel Core i7-10750H ( 2.6 GHz - 5.0 GHz / 12MB / 6 nhân, 12 luồng )",NVIDIA GeForce GTX 1650Ti 4GB GDDR6 / Intel UHD Graphics,1 x 8GB DDR4 3200MHz ( 2 Khe cắm / Hỗ trợ tối đa 32GB ),"15.6"" ( 1920 x 1080 ) Full HD IPS 144Hz , không cảm ứng , Màn hình chống lóa",512GB SSD M.2 NVMe /,36 x 27.5 x 2.58 cm,2.3 kg
31,"Intel Core i5-1135G7 ( 4.2 GHz / 8MB / 4 nhân, 8 luồng )",Intel Iris Xe Graphics,8GB Onboard LPDDR4X 4266MHz Không nâng cấp được ),"13.3"" ( 1920 x 1080 ) Full HD IPS không cảm ứng , Màn hình chống lóa , HD webcam",256GB SSD M.2 NVMe /,30.42 x 20.3 x 1.39 cm,1.1 kg
32,"Intel Core i5-1135G7 ( 4.2 GHz / 8MB / 4 nhân, 8 luồng )",NVIDIA GeForce MX350 2GB GDDR5 / Intel Iris Xe Graphics,8GB Onboard DDR4 3200MHz Không nâng cấp được ),"15.6"" ( 1920 x 1080 ) Full HD IPS không cảm ứng , Màn hình chống lóa , HD webcam",512GB SSD M.2 NVMe /,35.98 x 23.38 x 1.61 cm,1.7 kg
33,"Intel Celeron N4020 ( 1.10 GHz - 2.80 GHz / 4MB / 2 nhân, 2 luồng )",Intel UHD Graphics 600,1 x 4GB DDR4 2666MHz ( 1 Khe cắm / Hỗ trợ tối đa 16GB ),"15.6"" ( 1366 x 768 ) HD không cảm ứng , Màn hình chống lóa , VGA webcam",256GB SSD M.2 NVMe /,36.02 x 23.49 x 2.29 cm,1.6 kg
34,"Intel Core i5-1135G7 ( 4.2 GHz / 8MB / 4 nhân, 8 luồng )",Intel Iris Xe Graphics,1 x 8GB LPDDR4X 4266MHz Không nâng cấp được ),"13.3"" ( 1920 x 1080 ) Full HD IPS không cảm ứng , HD webcam",256GB SSD M.2 NVMe /,30.42 x 20.3 x 1.39 cm,1.1 kg
35,"Intel Core i5-1135G7 ( 4.2 GHz / 8MB / 4 nhân, 8 luồng )",Intel Iris Xe Graphics,1 x 8GB LPDDR4X 4266MHz Không nâng cấp được ),"14"" ( 1920 x 1080 ) Full HD IPS không cảm ứng , HD webcam",512GB SSD M.2 NVMe /,31.9 x 20.8 x 1.39 cm,1.2 kg
36,"AMD Ryzen 5 3500U ( 2.1 GHz - 3.7 GHz / 4MB / 4 nhân, 8 luồng )",AMD Radeon Vega 8 Graphics,1 x 8GB DDR4 2400MHz ( 2 Khe cắm / Hỗ trợ tối đa 16GB ),"14"" ( 1920 x 1080 ) Full HD WVA không cảm ứng , Màn hình chống lóa , HD webcam",512GB SSD M.2 NVMe /,32.87 x 23.95 x 1.99 cm,1.7 kg
37,"Intel Core i7-10750H ( 2.6 GHz - 5.0 GHz / 12MB / 6 nhân, 12 luồng )",NVIDIA GeForce RTX 2060 Intel UHD Graphics,2 x 8GB DDR4 2933MHz ( 2 Khe cắm / Hỗ trợ tối đa 32GB ),"15.6"" ( 1920 x 1080 ) Full HD WVA không cảm ứng , HD webcam",512GB SSD M.2 NVMe /,36.45 x 25.4 x 2.38 cm,2.6 kg
38,"Intel Core i5-1135G7 ( 4.2 GHz / 8MB / 4 nhân, 8 luồng )",Intel Iris Xe Graphics,8GB Onboard LPDDR4X 4266MHz Không nâng cấp được ),"13.3"" ( 1920 x 1080 ) Full HD WVA cảm ứng , HD webcam",512GB SSD M.2 NVMe /,30.5 x 20.64 x 16.74 cm,1.4 kg
39,"AMD Ryzen 3 4300U ( 2.7 GHz - 3.7 GHz / 4MB / 4 nhân, 4 luồng )",AMD Radeon Graphics,1 x 4GB Onboard DDR4 ( 1 Khe cắm / Hỗ trợ tối đa 12GB ),"14"" ( 1920 x 1080 ) Full HD IPS cảm ứng , Màn hình gương , HD webcam",256GB SSD M.2 NVMe /,32.4 x 22 x 1.82 cm,1.5 kg
40,"Intel Core i5-1135G7 ( 4.2 GHz / 8MB / 4 nhân, 8 luồng )",NVIDIA GeForce MX330 2GB GDDR5 / Intel Iris Xe Graphics,1 x 8GB DDR4 3200MHz ( 1 Khe cắm / Hỗ trợ tối đa 32GB ),"14"" ( 1920 x 1080 ) Full HD WVA không cảm ứng , HD webcam",256GB SSD M.2 NVMe /,32.13 x 21.62 x 1.79 cm,1.4 kg
41,"Intel Core i7-1165G7 ( 4.7 GHz / 12MB / 4 nhân, 8 luồng )",Intel Iris Xe Graphics,16GB Onboard LPDDR4 4266MHz Không nâng cấp được ),"13.3"" ( 3840 x 2160 ) Ultra HD (4K) WVA cảm ứng , HD webcam",512GB SSD M.2 NVMe /,30.52 x 20.64 x 1.674 cm,1.4 kg
42,"AMD Ryzen 3 3250U ( 2.6 GHz - 3.5 GHz / 4MB / 2 nhân, 4 luồng )",AMD Radeon Graphics,2 x 4GB DDR4 3200MHz ( 2 Khe cắm / Hỗ trợ tối đa 16GB ),"15.6"" ( 1920 x 1080 ) Full HD không cảm ứng , Màn hình chống lóa , HD webcam",256GB SSD M.2 NVMe /,36.396 x 24.9 x 1.99 cm,1.8 kg
43,"Intel Pentium Silver N5030 ( 1.1 GHz - 3.1 GHz / 4MB / 4 nhân, 4 luồng )",Intel UHD Graphics 605,1 x 4GB DDR4 2400MHz Không nâng cấp được ),"15.6"" ( 1366 x 768 ) HD TN không cảm ứng , HD webcam",256GB SSD M.2 NVMe /,32.50 x 21.60 x 2.31 cm,1.9 kg
44,"Intel Core i5-1135G7 ( 4.2 GHz / 8MB / 4 nhân, 8 luồng )",NVIDIA GeForce MX450 2GB GDDR5 / Intel UHD Graphics 630,1 x 8GB DDR4 2666MHz ( 1 Khe cắm / Hỗ trợ tối đa 32GB ),"14"" ( 1920 x 1080 ) Full HD IPS không cảm ứng , HD webcam",512GB SSD M.2 NVMe /,31.9 x 21.9 x 1.69 cm,1.3 kg
45,"Intel Core i7-10750H ( 2.6 GHz - 5.0 GHz / 12MB / 6 nhân, 12 luồng )",NVIDIA GeForce GTX 1650Ti 4GB GDDR6 / Intel UHD Graphics,1 x 8GB DDR4 2933MHz ( 2 Khe cắm / Hỗ trợ tối đa 32GB ),"15.6"" ( 1920 x 1080 ) Full HD IPS 144Hz , không cảm ứng , HD webcam",512GB SSD M.2 NVMe /,36 x 25.6 x 2.34 cm,2.2 kg
46,"Intel Core i3-1005G1 ( 1.2 GHz - 3.4 GHz / 4MB / 2 nhân, 4 luồng )",Intel UHD Graphics,1 x 4GB Onboard DDR4 2666MHz ( 1 Khe cắm / Hỗ trợ tối đa 16GB ),"15.6"" ( 1920 x 1080 ) Full HD không cảm ứng , Màn hình chống lóa , VGA webcam",512GB SSD M.2 NVMe /,36.02 x 23.49 x 2.29 cm,1.7 kg
47,"Intel Core i3-1005G1 ( 1.2 GHz - 3.4 GHz / 4MB / 2 nhân, 4 luồng )",Intel UHD Graphics,1 x 4GB DDR4 2666MHz ( 2 Khe cắm / Hỗ trợ tối đa 16GB ),"15.6"" ( 1920 x 1080 ) Full HD TN không cảm ứng , HD webcam",256GB SSD M.2 NVMe /,38 x 25.8 x 19.9 cm,2 kg
48,"Intel Core i7-10870H ( 2.2 GHz - 5.0 GHz / 16MB / 8 nhân, 16 luồng )",NVIDIA GeForce GTX 1650Ti 4GB GDDR6 / Intel UHD Graphics 630,1 x 8GB DDR4 2933MHz ( 2 Khe cắm / Hỗ trợ tối đa 32GB ),"15.6"" ( 1920 x 1080 ) Full HD IPS không cảm ứng , HD webcam",512GB SSD M.2 NVMe /,35.9 x 25.6 x 2.49 cm,2.3 kg
49,"Intel Core i3-1115G4 ( 4.1 GHz / 6MB / 2 nhân, 4 luồng )",Intel UHD Graphics,1 x 4GB Onboard DDR4 3200MHz Không nâng cấp được ),"14"" ( 1920 x 1080 ) Full HD IPS không cảm ứng , HD webcam",256GB SSD M.2 NVMe /,32.49 x 21.5 x 1.79 cm,1.4 kg
50,"Intel Core i5-10210U ( 1.6 GHz - 4.2 GHz / 6MB / 4 nhân, 8 luồng )",NVIDIA GeForce MX230 2GB GDDR5 / Intel UHD Graphics,8GB (4GB + 4GB Onboard) DDR4 2666MHz ( 1 Khe cắm / Hỗ trợ tối đa 16GB ),"14"" ( 1920 x 1080 ) Full HD WVA không cảm ứng , Màn hình chống lóa , HD webcam",512GB SSD M.2 NVMe /,32.18 x 21.7 x 1.93 cm,1.5 kg
51,"Intel Core i5-1035G1 ( 1.0 GHz - 3.6 GHz / 6MB / 4 nhân, 8 luồng )",Intel UHD Graphics,1 x 8GB DDR4 2666MHz ( 2 Khe cắm / Hỗ trợ tối đa 16GB ),"15.6"" ( 1920 x 1080 ) Full HD TN không cảm ứng , Màn hình chống lóa , HD webcam",256GB SSD M.2 NVMe /,38 x 25.8 x 2.27 cm,2.1 kg
52,"Intel Core i5-1135G7 ( 4.2 GHz / 8MB / 4 nhân, 8 luồng )",Intel Iris Xe Max Graphics,8GB Onboard LPDDR4X 2666MHz Không nâng cấp được ),"14"" ( 1920 x 1080 ) Full HD IPS không cảm ứng , HD webcam",512GB SSD M.2 NVMe /,32.28 x 21.22 x 1.795 cm,1.4 kg
53,"Intel Core i5-1135G7 ( 4.2 GHz / 8MB / 4 nhân, 8 luồng )",Intel Iris Xe Max Graphics,16GB Onboard LPDDR4X 2666MHz Không nâng cấp được ),"14"" ( 1920 x 1080 ) Full HD IPS không cảm ứng , HD webcam",1TB SSD M.2 NVMe /,32.28 x 21.22 x 1.795 cm,1.4 kg
54,"Intel Core i5-1135G7 ( 4.2 GHz / 8MB / 4 nhân, 8 luồng )",Intel Iris Xe Graphics,8GB Onboard LPDDR4X 2666MHz Không nâng cấp được ),"13.5"" ( 2556 x 1504 ) Quad HD (2K) IPS không cảm ứng , HD webcam",512GB SSD M.2 NVMe /,30.25 x 23.388 x 1.595 cm,1.2 kg
55,"AMD Ryzen 5 3500U ( 2.1 GHz - 3.7 GHz / 4MB / 4 nhân, 8 luồng )",AMD Radeon Vega 8 Graphics,1 x 4GB DDR4 2400MHz ( 2 Khe cắm / Hỗ trợ tối đa 16GB ),"14"" ( 1920 x 1080 ) Full HD WVA không cảm ứng , Màn hình chống lóa , HD webcam",256GB SSD M.2 NVMe /,32.87 x 23.95 x 1.99 cm,1.7 kg
56,"AMD Ryzen 3 3250U ( 2.6 GHz - 3.5 GHz / 4MB / 2 nhân, 4 luồng )",AMD Radeon Graphics,1 x 4GB DDR4 2400MHz ( 2 Khe cắm / Hỗ trợ tối đa 16GB ),"14"" ( 1366 x 768 ) HD TN không cảm ứng , Màn hình chống lóa , VGA webcam",1TB HDD 5400RPM,32.87 x 23.95 x 1.99 cm,1.7 kg
57,"AMD Ryzen 7 4800H ( 2.9 GHz - 4.2 GHz / 8MB / 8 nhân, 16 luồng )",NVIDIA GeForce GTX 1650 4GB GDDR6 / AMD Radeon Graphics,1 x 8GB DDR4 3200MHz ( 2 Khe cắm / Hỗ trợ tối đa 16GB ),"15.6"" ( 1920 x 1080 ) Full HD IPS 144Hz , không cảm ứng , Màn hình chống lóa , HD webcam",512GB SSD M.2 NVMe /,36 x 25.6 x 2.34 cm,2.1 kg
58,"Intel Core i5-1135G7 ( 4.2 GHz / 8MB / 4 nhân, 8 luồng )",Intel Iris Xe Graphics,8GB Onboard LPDDR4X 2666MHz Không nâng cấp được ),"14"" ( 1920 x 1080 ) Full HD IPS cảm ứng , HD webcam",512GB SSD M.2 NVMe /,31.89 x 20.698 x 1.495 cm,1 kg
59,"Intel Core i5-1135G7 ( 2.4 GHz / 8MB / 4 nhân, 8 luồng )",Intel Iris Xe Graphics,8GB (4GB + 4GB Onboard) DDR4 2400MHz ( 1 Khe cắm / Hỗ trợ tối đa 20GB ),"14"" ( 1920 x 1080 ) Full HD IPS không cảm ứng , HD webcam",256GB SSD M.2 NVMe /,32.8 x 22.3 x 1.795 cm,1.5 kg
60,"Intel Core i5-1135G7 ( 4.2 GHz / 8MB / 4 nhân, 8 luồng )",Intel Iris Xe Graphics,8GB (4GB + 4GB Onboard) LPDDR4X 2666MHz,"14"" ( 1920 x 1080 ) Full HD IPS không cảm ứng , HD webcam",512GB SSD M.2 NVMe /,31.89 x 20.698 x 1.496,1.5 kg
61,"AMD Ryzen 7 3700U ( 2.3 GHz - 4.0 GHz / 4MB / 4 nhân, 8 luồng )",AMD Radeon Vega 10 Graphics,1 x 8GB DDR4 2400MHz ( 1 Khe cắm / Hỗ trợ tối đa 16GB ),"14"" ( 1920 x 1080 ) Full HD IPS không cảm ứng , Màn hình chống lóa , HD webcam",512GB SSD M.2 SATA /,31.8 x 21.8 x 1.59 cm,1.3 kg
62,"Intel Core i7-10510U ( 1.8 GHz - 4.9 GHz / 8MB / 4 nhân, 8 luồng )",Intel UHD Graphics,1 x 8GB DDR4 2400MHz ( 1 Khe cắm / Hỗ trợ tối đa 16GB ),"14"" ( 1920 x 1080 ) Full HD IPS không cảm ứng , Màn hình chống lóa , HD webcam",1TB SSD M.2 NVMe /,31.8 x 21.8 x 1.59 cm,1.3 kg
63,"Intel Core i5-10210U ( 1.6 GHz - 4.2 GHz / 6MB / 4 nhân, 8 luồng )",Intel UHD Graphics,1 x 8GB DDR4 2400MHz ( 1 Khe cắm / Hỗ trợ tối đa 16GB ),"14"" ( 1920 x 1080 ) Full HD IPS không cảm ứng , HD webcam",512GB SSD M.2 SATA /,31.8 x 21.8 x 1.59 cm,1.3 kg
64,"Intel Core i7-1165G7 ( 4.7 GHz / 12MB / 4 nhân, 8 luồng )",Intel Iris Xe Graphics,16GB Onboard LPDDR4X 4266MHz Không nâng cấp được ),"14"" ( 1920 x 1080 ) Full HD không cảm ứng , HD webcam",512GB SSD M.2 NVMe /,31.9 x 20.8 x 1.39 cm,1.2 kg
65,"Intel Core i3-1005G1 ( 1.2 GHz - 3.4 GHz / 4MB / 2 nhân, 4 luồng )",Intel UHD Graphics,1 x 4GB DDR4 2666MHz ( 2 Khe cắm / Hỗ trợ tối đa 16GB ),"14"" ( 1920 x 1080 ) Full HD WVA không cảm ứng , HD webcam",256GB SSD M.2 NVMe / 1TB HDD 5400RPM,32.87 x 23.95 x 1.99 cm,1.6 kg
66,"Intel Core i5-10300H ( 2.5 GHz - 4.5 GHz / 8MB / 4 nhân, 8 luồng )",NVIDIA GeForce GTX 1650Ti 4GB GDDR6 / Intel UHD Graphics,1 x 8GB DDR4 2933MHz ( 2 Khe cắm / Hỗ trợ tối đa 32GB ),"15.6"" ( 1920 x 1080 ) Full HD IPS 144Hz , không cảm ứng , HD webcam",512GB SSD M.2 NVMe /,35.9 x 25.6 x 2.47 cm,2.3 kg
67,"Intel Core i3-1115G4 ( 4.1 GHz / 6MB / 2 nhân, 4 luồng )",Intel UHD Graphics,1 x 4GB Onboard DDR4 3200MHz ( 1 Khe cắm / Hỗ trợ tối đa 12GB ),"15.6"" ( 1920 x 1080 ) Full HD IPS không cảm ứng , HD webcam",512GB SSD M.2 NVMe /,35.9 x 23.5 x 1.79 cm,1.8 kg
68,"Intel Core i3-1115G4 ( 4.1 GHz / 6MB / 2 nhân, 4 luồng )",Intel UHD Graphics,1 x 4GB Onboard DDR4 3200MHz ( 1 Khe cắm / Hỗ trợ tối đa 12GB ),"15.6"" ( 1920 x 1080 ) Full HD IPS không cảm ứng , HD webcam",512GB SSD M.2 NVMe /,35.9 x 23.5 x 1.79 cm,1.8 kg
69,"Intel Core i5-1135G7 ( 4.2 GHz / 8MB / 4 nhân, 8 luồng )",Intel Iris Xe Graphics,8GB Onboard DDR4 3200MHz Không nâng cấp được ),"14"" ( 1920 x 1080 ) Full HD IPS không cảm ứng , HD webcam",512GB SSD M.2 NVMe /,32.40 x 21.30 x 1.59 cm,1.4 kg
70,"Intel Core i5-1135G7 ( 4.2 GHz / 8MB / 4 nhân, 8 luồng )",Intel Iris Xe Graphics,8GB Onboard DDR4 2666MHz Không nâng cấp được ),"13.3"" ( 1920 x 1080 ) Full HD IPS không cảm ứng , HD webcam",512GB SSD M.2 NVMe /,30.65 x 19.46 x 1.69 cm,1.3 kg
71,"Intel Core i7-1165G7 ( 4.7 GHz / 12MB / 4 nhân, 8 luồng )",Intel Iris Xe Graphics,8GB Onboard DDR4 2933MHz Không nâng cấp được ),"13.3"" ( 1920 x 1080 ) Full HD IPS không cảm ứng , HD webcam",512GB SSD M.2 NVMe /,30.65 x 19.46 x 1.69 cm,1.2 kg
72,"Intel Core i5-1135G7 ( 4.2 GHz / 8MB / 4 nhân, 8 luồng )",Intel Iris Xe Graphics,8GB Onboard DDR4 2933MHz Không nâng cấp được ),"13.3"" ( 1920 x 1080 ) Full HD IPS không cảm ứng , HD webcam",256GB SSD M.2 NVMe /,30.65 x 19.46 x 1.69 cm,1.2 kg
73,"Intel Core i5-10300H ( 2.5 GHz - 4.5 GHz / 8MB / 4 nhân, 8 luồng )",NVIDIA GeForce GTX 1650Ti 4GB GDDR6 / Intel UHD Graphics,1 x 8GB DDR4 3200MHz ( 2 Khe cắm / Hỗ trợ tối đa 32GB ),"15.6"" ( 1920 x 1080 ) Full HD IPS không cảm ứng , HD webcam",512GB SSD M.2 NVMe /,36.3 x 25.96 x 2.35 cm,2.4 kg
74,"Intel Core i5-1135G7 ( 4.2 GHz / 8MB / 4 nhân, 8 luồng )",Intel Iris Xe Graphics,1 x 8GB LPDDR4X 4266MHz Không nâng cấp được ),"14"" ( 1920 x 1080 ) Full HD IPS không cảm ứng , HD webcam",512GB SSD M.2 NVMe /,31.9 x 20.8 x 1.39 cm,1.2 kg
75,"Intel Core i5-10210U ( 1.6 GHz - 4.2 GHz / 6MB / 4 nhân, 8 luồng )",Intel UHD Graphics,1 x 8GB DDR4 2666MHz ( 2 Khe cắm / Hỗ trợ tối đa 32GB ),"14"" ( 1920 x 1080 ) Full HD TN không cảm ứng , HD webcam",256GB SSD M.2 NVMe /,32.53 x 23.29 x 1.99 cm,1.6 kg
76,"AMD Ryzen 3 3250U ( 2.6 GHz - 3.5 GHz / 4MB / 2 nhân, 4 luồng )",AMD Radeon Graphics,1 x 4GB Onboard DDR4 2400MHz ( 1 Khe cắm / Hỗ trợ tối đa 12GB ),"15.6"" ( 1920 x 1080 ) Full HD TN không cảm ứng , VGA webcam",256GB SSD M.2 NVMe /,36.22 x 25.34 x 1.99 cm,1.8 kg
77,"Intel Core i7-10750H ( 2.6 GHz - 5.0 GHz / 12MB / 6 nhân, 12 luồng )",NVIDIA GeForce GTX 1650Ti 4GB GDDR6 / Intel UHD Graphics,8GB Onboard DDR4 2933MHz ( 1 Khe cắm / Hỗ trợ tối đa 16GB ),"15.6"" ( 1920 x 1080 ) Full HD WVA không cảm ứng , Màn hình chống lóa , HD webcam",512GB SSD M.2 NVMe /,35.61 x 23.45 x 1.89 cm,1.8 kg
78,"Intel Core i5-1035G1 ( 1.0 GHz - 3.6 GHz / 6MB / 4 nhân, 8 luồng )",Intel UHD Graphics,1 x 4GB DDR4 2666MHz ( 1 Khe cắm / Hỗ trợ tối đa 32GB ),"14"" ( 1920 x 1080 ) Full HD TN không cảm ứng , Màn hình chống lóa , HD webcam",256GB SSD M.2 NVMe /,32.6 x 23 x 1.79 cm,1.5 kg
79,"Intel Core i3-1115G4 ( 4.1 GHz / 6MB / 2 nhân, 4 luồng )",Intel UHD Graphics,1 x 4GB Onboard DDR4 2400MHz ( 1 Khe cắm / Hỗ trợ tối đa 12GB ),"14"" ( 1920 x 1080 ) Full HD IPS không cảm ứng , HD webcam",256GB SSD M.2 NVMe /,32.8 x 22.3 x 1.795 cm,1.5 kg
80,"Intel Core i7 9750H ( 2.6 GHz - 4.5 GHz / 12MB / 6 nhân, 12 luồng )",NVIDIA GeForce GTX 1650 4GB GDDR5 / Intel UHD Graphics 630,1 x 8GB DDR4 3200MHz ( 2 Khe cắm / Hỗ trợ tối đa 16GB ),"15.6"" ( 1920 x 1080 ) Full HD IPS 144Hz , không cảm ứng , Màn hình chống lóa , HD webcam",512GB SSD M.2 NVMe /,36 x 27.5 x 2.49 cm,2.3 kg
81,"AMD Ryzen 3 3250U ( 2.6 GHz - 3.5 GHz / 4MB / 2 nhân, 4 luồng )",AMD Radeon Graphics,1 x 4GB Onboard DDR4 2400MHz ( 1 Khe cắm / Hỗ trợ tối đa 12GB ),"14"" ( 1920 x 1080 ) Full HD VA không cảm ứng , HD webcam",512GB SSD M.2 NVMe /,32.2 x 21.2 x 1.9 cm,1.5 kg
82,"Intel Core i5-10300H ( 2.5 GHz - 4.5 GHz / 8MB / 4 nhân, 8 luồng )",NVIDIA GeForce GTX 1650 4GB GDDR6 / Intel UHD Graphics,1 x 8GB DDR4 2666MHz ( 2 Khe cắm / Hỗ trợ tối đa 64GB ),"15.6"" ( 1920 x 1080 ) Full HD IPS 144Hz , không cảm ứng , HD webcam",512GB SSD M.2 NVMe /,35.9 x 25.4 x 2.17 cm,1.9 kg
83,"Intel Core i7-10750H ( 2.6 GHz - 5.0 GHz / 12MB / 6 nhân, 12 luồng )",NVIDIA GeForce GTX 1660Ti 6GB GDDR6 / Intel UHD Graphics,2 x 8GB DDR4 2666MHz ( 2 Khe cắm / Hỗ trợ tối đa 64GB ),"17.3"" ( 1920 x 1080 ) Full HD IPS 144Hz , không cảm ứng , HD webcam",512GB SSD M.2 NVMe /,39.85 x 27.2 x 2.8 cm,2.6 kg
84,"Intel Celeron N4020 ( 1.10 GHz - 2.80 GHz / 4MB / 2 nhân, 2 luồng )",Intel UHD Graphics 600,1 x 4GB Onboard DDR4 2400MHz Không nâng cấp được ),"11.6"" ( 1366 x 768 ) HD không cảm ứng , Màn hình chống lóa , VGA webcam",128GB eMMC /,27.91 x 19.12 x 1.69 cm,1 kg
85,"AMD Ryzen 7 3750H ( 2.3 GHz - 4.0 GHz / 4MB / 4 nhân, 8 luồng )",NVIDIA GeForce GTX 1650Ti 4GB GDDR6 / AMD Radeon Vega 10 Graphics,1 x 8GB DDR4 2400MHz ( 2 Khe cắm / Hỗ trợ tối đa 32GB ),"15.6"" ( 1920 x 1080 ) Full HD IPS không cảm ứng , HD webcam",512GB SSD M.2 NVMe /,36.34 x 25.45 x 2.325 cm,2.1 kg
86,"AMD Ryzen 5 3550H ( 2.1 GHz - 3.7 GHz / 4MB / 4 nhân, 8 luồng )",NVIDIA GeForce GTX 1650Ti 4GB GDDR6 / AMD Radeon Vega 8 Graphics,1 x 8GB DDR4 2400MHz ( 2 Khe cắm / Hỗ trợ tối đa 32GB ),"15.6"" ( 1920 x 1080 ) Full HD IPS không cảm ứng , HD webcam",512GB SSD M.2 NVMe /,36.34 x 25.45 x 2.325 cm,2.1 kg
87,"Intel Core i7-10750H ( 2.6 GHz - 5.0 GHz / 12MB / 6 nhân, 12 luồng )",NVIDIA GeForce GTX 1650Ti 4GB GDDR6 / Intel UHD Graphics,1 x 8GB DDR4 2933MHz ( 2 Khe cắm / Hỗ trợ tối đa 32GB ),"15.6"" ( 1920 x 1080 ) Full HD IPS 144Hz , không cảm ứng , HD webcam",512GB SSD M.2 NVMe /,36.34 x 25.5 x 2.39 cm,2.3 kg
88,"Intel Core i7-10750H ( 2.6 GHz - 5.0 GHz / 12MB / 6 nhân, 12 luồng )",NVIDIA GeForce GTX 1660Ti 6GB GDDR6 / Intel UHD Graphics,2 x 8GB DDR4 2933MHz ( 2 Khe cắm / Hỗ trợ tối đa 16GB ),"15.6"" ( 1920 x 1080 ) Full HD TN không cảm ứng , HD webcam",512GB SSD M.2 NVMe /,36.44 x 25.4 x 2.65 cm,2.6 kg
89,"Intel Core i7-10750H ( 2.6 GHz - 5.0 GHz / 12MB / 6 nhân, 12 luồng )",NVIDIA GeForce GTX 1650Ti 4GB GDDR6 / Intel UHD Graphics,2 x 4GB DDR4 2933MHz ( 2 Khe cắm / Hỗ trợ tối đa 16GB ),"15.6"" ( 1920 x 1080 ) Full HD TN không cảm ứng , HD webcam",512GB SSD M.2 NVMe /,23.31 x 36.44 x 2.54,2.6 kg
90,"Intel Core i7-10750H ( 2.6 GHz - 5.0 GHz / 12MB / 6 nhân, 12 luồng )",NVIDIA GeForce GTX 1660Ti 6GB GDDR6 / Intel UHD Graphics,2 x 4GB DDR4 2933MHz ( 2 Khe cắm / Hỗ trợ tối đa 32GB ),"15.6"" ( 1920 x 1080 ) Full HD WVA không cảm ứng , HD webcam",512GB SSD M.2 NVMe /,36.55 x 25.4 x 2.45 cm,2.3 kg
91,"Intel Core i5-10300H ( 2.5 GHz - 4.5 GHz / 8MB / 4 nhân, 8 luồng )",NVIDIA GeForce GTX 1650 4GB GDDR6 / Intel UHD Graphics,2 x 4GB DDR4 2933MHz ( 2 Khe cắm / Hỗ trợ tối đa 32GB ),"15.6"" ( 1920 x 1080 ) Full HD IPS không cảm ứng , HD webcam",256GB SSD M.2 NVMe / 1TB HDD 5400RPM,21.6 x 36.55 x 25.4 cm,2.3 kg
92,"Intel Core i5-10210U ( 1.6 GHz - 4.2 GHz / 6MB / 4 nhân, 8 luồng )",Intel UHD Graphics,1 x 8GB DDR4 2666MHz Không nâng cấp được ),"13.3"" ( 1920 x 1080 ) Full HD WVA không cảm ứng , HD webcam",512GB SSD M.2 NVMe /,31.19 x 21.7 x 1.65 cm,1.2 kg
93,"AMD Ryzen 7 4800H ( 2.9 GHz - 4.2 GHz / 8MB / 8 nhân, 16 luồng )",NVIDIA GeForce GTX 1660Ti 6GB GDDR6 / AMD Radeon Graphics,1 x 8GB DDR4 3200MHz ( 2 Khe cắm / Hỗ trợ tối đa 32GB ),"15.6"" ( 1920 x 1080 ) Full HD IPS 144Hz , không cảm ứng , Màn hình chống lóa , HD webcam",512GB SSD M.2 NVMe /,35.98 x 25.6 x 2.28~2.47 cm,2.3 kg
94,"Intel Core i3-1005G1 ( 1.2 GHz - 3.4 GHz / 4MB / 2 nhân, 4 luồng )",Intel UHD Graphics,1 x 4GB DDR4 2666MHz ( 2 Khe cắm / Hỗ trợ tối đa 16GB ),"14"" ( 1920 x 1080 ) Full HD IPS không cảm ứng , Màn hình chống lóa , HD webcam",256GB SSD M.2 NVMe /,32.4 x 22.5 x 1.79 cm,1.4 kg
95,"Intel Core i3-1005G1 ( 1.2 GHz - 3.4 GHz / 4MB / 2 nhân, 4 luồng )",Intel UHD Graphics,1 x 4GB DDR4 2666MHz ( 2 Khe cắm / Hỗ trợ tối đa 16GB ),"14"" ( 1366 x 768 ) HD TN không cảm ứng , Màn hình chống lóa , HD webcam",256GB SSD M.2 NVMe /,32.4 x 22.5 x 1.79 cm,1.4 kg
96,"Intel Core i3-1005G1 ( 1.2 GHz - 3.4 GHz / 4MB / 2 nhân, 4 luồng )",Intel UHD Graphics,1 x 4GB DDR4 2666MHz ( 2 Khe cắm / Hỗ trợ tối đa 16GB ),"14"" ( 1920 x 1080 ) Full HD IPS không cảm ứng , Màn hình chống lóa , HD webcam",512GB SSD M.2 NVMe /,32.4 x 22.5 x 1.79 cm,1.35 kg
97,"Intel Core i3-1005G1 ( 1.2 GHz - 3.4 GHz / 4MB / 2 nhân, 4 luồng )",Intel UHD Graphics,1 x 4GB DDR4 2666MHz ( 2 Khe cắm / Hỗ trợ tối đa 16GB ),"14"" ( 1366 x 768 ) HD TN không cảm ứng , Màn hình chống lóa , HD webcam",512GB SSD M.2 NVMe /,32.4 x 22.5 x 1.79 cm,1.3 kg
98,"Intel Core i3-1005G1 ( 1.2 GHz - 3.4 GHz / 4MB / 2 nhân, 4 luồng )",Intel UHD Graphics,1 x 4GB DDR4 2666MHz ( 2 Khe cắm / Hỗ trợ tối đa 16GB ),"15.6"" ( 1920 x 1080 ) Full HD TN không cảm ứng , Màn hình chống lóa , HD webcam",256GB SSD M.2 NVMe /,38 x 25.8 x 1.99 cm,2.2 kg
99,"Intel Core i5 9300H ( 2.4 GHz - 4.1 GHz / 8MB / 4 nhân, 8 luồng )",NVIDIA GeForce GTX 1650 4GB GDDR5 / Intel UHD Graphics 630,1 x 8GB DDR4 2666MHz ( 2 Khe cắm / Hỗ trợ tối đa 32GB ),"15.6"" ( 1920 x 1080 ) Full HD IPS không cảm ứng",512GB SSD M.2 NVMe /,36 x 27.5 x 2.58 cm,2.4 kg
100,"Intel Core i3-10110U ( 2.1 GHz - 4.1 GHz / 4MB / 2 nhân, 4 luồng )",Intel UHD Graphics,1 x 4GB Onboard DDR4 2400MHz ( 1 Khe cắm / Hỗ trợ tối đa 20GB ),"15.6"" ( 1920 x 1080 ) Full HD TN không cảm ứng , HD webcam",256GB SSD M.2 NVMe /,35.7 x 23 x 1.99,1.6 kg
101,"Intel Core i3-1005G1 ( 1.2 GHz - 3.4 GHz / 4MB / 2 nhân, 4 luồng )",Intel UHD Graphics,1 x 4GB DDR4 2400MHz ( 1 Khe cắm / Hỗ trợ tối đa 12GB ),"15.6"" ( 1920 x 1080 ) Full HD không cảm ứng , VGA webcam",512GB SSD M.2 NVMe /,36.34 x 24.75 x 1.99,1.7 kg
102,"Intel Core i5-1035G1 ( 1.0 GHz - 3.6 GHz / 6MB / 4 nhân, 8 luồng )",NVIDIA GeForce MX350 2GB GDDR5 / Intel UHD Graphics,8GB (4GB + 4GB Onboard) DDR4 2666MHz ( 1 Khe cắm / Hỗ trợ tối đa 12GB ),"14"" ( 1920 x 1080 ) Full HD IPS không cảm ứng , HD webcam",512GB SSD M.2 NVMe /,32.88 x 23.6 x 1.795,1.5 kg
103,"Intel Core i7-10750H ( 2.6 GHz - 5.0 GHz / 12MB / 6 nhân, 12 luồng )",NVIDIA GeForce GTX 1660Ti 6GB GDDR6 / Intel UHD Graphics,1 x 8GB DDR4 2933MHz ( 2 Khe cắm / Hỗ trợ tối đa 32GB ),"15.6"" ( 1920 x 1080 ) Full HD IPS 144Hz , không cảm ứng , HD webcam",512GB SSD M.2 NVMe /,36.34 x 25.5 x 2.29,2.2 kg
104,"Intel Core i5-1035G4 ( 1.1 GHz - 3.7 GHz / 6MB / 4 nhân, 8 luồng )",Intel Iris Plus Graphics,1 x 4GB Onboard DDR4 2666MHz ( 1 Khe cắm / Hỗ trợ tối đa 12GB ),"14"" ( 1920 x 1080 ) Full HD TN không cảm ứng , VGA webcam",256GB SSD M.2 /,32.71 x 24.1 x 1.99,1.5 kg
105,"AMD Ryzen 7 3750H ( 2.3 GHz - 4.0 GHz / 4MB / 4 nhân, 8 luồng )",NVIDIA GeForce GTX 1650 4GB GDDR5 / AMD Radeon Vega 10 Graphics,1 x 8GB DDR4 2400MHz ( 2 Khe cắm / Hỗ trợ tối đa 32GB ),"15.6"" ( 1920 x 1080 ) Full HD IPS 144Hz , không cảm ứng , HD webcam",512GB SSD M.2 NVMe /,36 x 26.2 x 2.6,2.2 kg
106,"AMD Ryzen 7 4800H ( 2.9 GHz - 4.2 GHz / 8MB / 8 nhân, 16 luồng )",NVIDIA GeForce GTX 1660Ti 6GB GDDR6 / AMD Radeon Graphics,1 x 8GB DDR4 3200MHz ( 2 Khe cắm / Hỗ trợ tối đa 32GB ),"17.3"" ( 1920 x 1080 ) Full HD IPS 120Hz , không cảm ứng , HD webcam",512GB SSD M.2 NVMe /,39.9 x 26.9 x 2.52,2.6 kg
107,"Intel Core i5-9300H ( 2.4 GHz - 4.1 GHz / 8MB / 4 nhân, 8 luồng )",NVIDIA GeForce GTX 1650Ti 4GB GDDR6 / Intel UHD Graphics 630,1 x 8GB DDR4 2666MHz ( 2 Khe cắm / Hỗ trợ tối đa 64GB ),"15.6"" ( 1920 x 1080 ) Full HD IPS 144Hz , không cảm ứng , HD webcam",512GB SSD M.2 NVMe /,35.9 x 25.4 x 2.17,1.9 kg
108,"AMD Ryzen 3 3250U ( 2.6 GHz - 3.5 GHz / 4MB / 2 nhân, 4 luồng )",AMD Radeon Graphics,1 x 4GB Onboard DDR4 ( 1 Khe cắm / Không nâng cấp được ),"15.6"" ( 1920 x 1080 ) Full HD không cảm ứng , VGA webcam",256GB SSD M.2 NVMe /,36 x 23.5 x 2.29 cm,1.9 kg
109,"Intel Core i3-10110U ( 2.1 GHz - 4.1 GHz / 4MB / 2 nhân, 4 luồng )",Intel UHD Graphics,1 x 4GB Onboard DDR4 ( 1 Khe cắm / Hỗ trợ tối đa 12GB ),"14"" ( 1920 x 1080 ) Full HD cảm ứng , HD webcam",512GB SSD M.2 NVMe /,32.7 x 22.5 x 1.75 cm,1.5 kg
110,"Intel Core i5-10300H ( 2.5 GHz - 4.5 GHz / 8MB / 4 nhân, 8 luồng )",NVIDIA GeForce GTX 1650 4GB GDDR6 / Intel UHD Graphics,1 x 8GB DDR4 2933MHz ( 2 Khe cắm / Hỗ trợ tối đa 16GB ),"15.6"" ( 1920 x 1080 ) Full HD IPS không cảm ứng , HD webcam",512GB SSD M.2 NVMe /,35.9 x 24.96 x 2.49 cm,2.2 kg
111,"Intel Core i7-1065G7 ( 1.3 GHz - 3.9 GHz / 8MB / 4 nhân, 8 luồng )",Intel Iris Plus Graphics,8GB Onboard DDR4 3200MHz Không nâng cấp được ),"13.3"" ( 1920 x 1080 ) Full HD IPS không cảm ứng , HD webcam",512GB SSD M.2 NVMe /,30.65 x 19.46 x 1.69 cm,1.3 kg
112,"AMD Ryzen 3 3250U ( 2.6 GHz - 3.5 GHz / 4MB / 2 nhân, 4 luồng )",AMD Radeon Graphics,1 x 4GB Onboard DDR4 2400MHz ( 1 Khe cắm / Hỗ trợ tối đa 12GB ),"15.6"" ( 1920 x 1080 ) Full HD TN không cảm ứng , HD webcam",512GB SSD M.2 NVMe /,35.7 x 23 x 1.99 cm,1.7 kg
113,"AMD Ryzen 5 4500U ( 2.3 GHz - 4.0 GHz / 8MB / 6 nhân, 6 luồng )",AMD Radeon Graphics,8GB (4GB + 4GB Onboard) DDR4 3200MHz ( 1 Khe cắm / Hỗ trợ tối đa 12GB ),"14"" ( 1920 x 1080 ) Full HD IPS cảm ứng , HD webcam",512GB SSD M.2 NVMe /,32.4 x 22 x 1.82 cm,1.5 kg
114,"Intel Core i3-1005G1 ( 1.2 GHz - 3.4 GHz / 4MB / 2 nhân, 4 luồng )",Intel UHD Graphics,1 x 4GB Onboard DDR4 2666MHz ( 1 Khe cắm / Hỗ trợ tối đa 12GB ),"14"" ( 1920 x 1080 ) Full HD VA không cảm ứng , VGA webcam",256GB SSD M.2 NVMe /,32.5 x 21.6 x 2.31 cm,1.6 kg
115,"Intel Core i7-10750H ( 2.6 GHz - 5.0 GHz / 12MB / 6 nhân, 12 luồng )",NVIDIA GeForce GTX 1660Ti 6GB GDDR6 / Intel UHD Graphics,1 x 8GB DDR4 3200MHz ( 2 Khe cắm / Hỗ trợ tối đa 32GB ),"15.6"" ( 1920 x 1080 ) Full HD IPS 144Hz , không cảm ứng",512GB SSD M.2 NVMe /,36 x 27.5 x 2.58 cm,2.4 kg
116,"Intel Core i7-10750H ( 2.6 GHz - 5.0 GHz / 12MB / 6 nhân, 12 luồng )",NVIDIA GeForce GTX 1660Ti 6GB GDDR6 / Intel UHD Graphics,16GB Onboard DDR4 2933MHz ( 2 Khe cắm / Hỗ trợ tối đa 32GB ),"15.6"" ( 1920 x 1080 ) Full HD IPS không cảm ứng",512GB SSD M.2 NVMe /,36 x 25.2 x 1.89 cm,1.9 kg
117,"Intel Core i7-10875H ( 2.3 GHz - 5.1 GHz / 16MB / 8 nhân, 16 luồng )",NVIDIA GeForce RTX 2060 6GB GDDR6 / Intel UHD Graphics,2 x 8GB DDR4 3200MHz ( 2 Khe cắm / Hỗ trợ tối đa 32GB ),"15.6"" ( 1920 x 1080 ) Full HD IPS không cảm ứng",1TB SSD M.2 NVMe /,36 x 27.5 x 2.49,2.4 kg
118,"Intel Core i7-10750H ( 2.6 GHz - 5.0 GHz / 12MB / 6 nhân, 12 luồng )",NVIDIA GeForce GTX 1660Ti 6GB GDDR6 / Intel UHD Graphics,2 x 8GB DDR4 2933MHz ( 2 Khe cắm / Hỗ trợ tối đa 32GB ),"17.3"" ( 1920 x 1080 ) Full HD IPS 144Hz , không cảm ứng",512GB SSD M.2 NVMe /,39.9 x 29.3 x 2.20 cm,2.8 kg
119,"Intel Core i3-10110U ( 2.1 GHz - 4.1 GHz / 4MB / 2 nhân, 4 luồng )",Intel UHD Graphics,1 x 4GB Onboard DDR4 2400MHz ( 1 Khe cắm / Hỗ trợ tối đa 20GB ),"14"" ( 1920 x 1080 ) Full HD TN không cảm ứng , HD webcam",256GB SSD M.2 NVMe /,32.2 x 21.2 x 1.99 cm,1.3 kg
120,"Intel Core i3-10110U ( 2.1 GHz - 4.1 GHz / 4MB / 2 nhân, 4 luồng )",Intel UHD Graphics,1 x 4GB DDR4 2400MHz ( 1 Khe cắm / Hỗ trợ tối đa 20GB ),"15.6"" ( 1920 x 1080 ) Full HD TN không cảm ứng , HD webcam",256GB SSD M.2 NVMe /,35.7 x 23 x 1.99 cm,1.6 kg
121,"Intel Core i3-10110U ( 2.1 GHz - 4.1 GHz / 4MB / 2 nhân, 4 luồng )",Intel UHD Graphics,1 x 4GB DDR4 2400MHz ( 1 Khe cắm / Hỗ trợ tối đa 20GB ),"15.6"" ( 1920 x 1080 ) Full HD TN không cảm ứng , HD webcam",256GB SSD M.2 NVMe /,35.7 x 23 x 1.99 cm,1.6 kg
122,"Intel Core i5-10210U ( 1.6 GHz - 4.2 GHz / 6MB / 4 nhân, 8 luồng )",Intel UHD Graphics,1 x 8GB DDR4 2666MHz ( 2 Khe cắm / Hỗ trợ tối đa 32GB ),"14"" ( 1920 x 1080 ) Full HD TN không cảm ứng , HD webcam",512GB SSD M.2 NVMe /,32.53 x 23.29 x 1.99 cm,1.5 kg
123,"AMD Ryzen 3 4300U ( 2.7 GHz - 3.7 GHz / 4MB / 4 nhân, 4 luồng )",AMD Radeon Graphics,1 x 4GB DDR4 3200MHz ( 2 Khe cắm / Hỗ trợ tối đa 32GB ),"15.6"" ( 1366 x 768 ) HD không cảm ứng , HD webcam",256GB SSD M.2 NVMe /,36.49 x 25.69 x 1.89 cm,2 kg
124,"AMD Ryzen 3 3250U ( 2.6 GHz - 3.5 GHz / 4MB / 2 nhân, 4 luồng )",AMD Radeon Graphics,1 x 4GB Onboard DDR4 2400MHz ( 1 Khe cắm / Hỗ trợ tối đa 12GB ),"14"" ( 1920 x 1080 ) Full HD TN không cảm ứng , HD webcam",256GB SSD M.2 NVMe /,32.5 x 21.6 x 2.29 cm,1.5 kg
125,"AMD Ryzen 3 3250U ( 2.6 GHz - 3.5 GHz / 4MB / 2 nhân, 4 luồng )",AMD Radeon Graphics,1 x 4GB Onboard DDR4 2400MHz ( 1 Khe cắm / Hỗ trợ tối đa 12GB ),"14"" ( 1920 x 1080 ) Full HD TN không cảm ứng , HD webcam",1TB HDD 5400RPM,32.5 x 21.6 x 2.29 cm,1.5 kg
126,"Intel Core i7-10510U ( 1.8 GHz - 4.9 GHz / 8MB / 4 nhân, 8 luồng )",Intel UHD Graphics,1 x 8GB DDR4 2666MHz ( 1 Khe cắm / Hỗ trợ tối đa 32GB ),"14"" ( 1920 x 1080 ) Full HD IPS không cảm ứng , HD webcam",512GB SSD M.2 NVMe /,32.2 x 22.2 x 1.59 cm,1.2 kg
127,"Intel Core i3-10110U ( 2.1 GHz - 4.1 GHz / 4MB / 2 nhân, 4 luồng )",Intel UHD Graphics,1 x 4GB Onboard DDR4 2400MHz ( 1 Khe cắm / Hỗ trợ tối đa 20GB ),"14"" ( 1920 x 1080 ) Full HD TN không cảm ứng , HD webcam",256GB SSD M.2 NVMe /,32.2 x 21.2 x 1.99 cm,1.3 kg
128,"AMD Ryzen 3 4300U ( 2.7 GHz - 3.7 GHz / 4MB / 4 nhân, 4 luồng )",AMD Radeon Graphics,1 x 4GB Onboard DDR4 2666MHz ( 1 Khe cắm / Hỗ trợ tối đa 8GB ),"14"" ( 1920 x 1080 ) Full HD TN không cảm ứng , VGA webcam",512GB SSD M.2 NVMe /,32.71 x 24.1 x 1.99 cm,1.5 kg
129,"Intel Core i7-10750H ( 2.6 GHz - 5.0 GHz / 12MB / 6 nhân, 12 luồng )",NVIDIA GeForce GTX 1650Ti 4GB GDDR6 / Intel UHD Graphics,1 x 8GB DDR4 3200MHz ( 2 Khe cắm / Hỗ trợ tối đa 32GB ),"15.6"" ( 1920 x 1080 ) Full HD IPS 144Hz , không cảm ứng",512GB SSD M.2 NVMe /,36 x 27.5 x 2.58 cm,2.3 kg
130,"Intel Core i5-1035G1 ( 1.0 GHz - 3.6 GHz / 6MB / 4 nhân, 8 luồng )",NVIDIA GeForce MX350 2GB GDDR5 / Intel UHD Graphics,8GB Onboard DDR4 2666MHz Không nâng cấp được ),"15.6"" ( 1920 x 1080 ) Full HD IPS không cảm ứng , Màn hình chống lóa , HD webcam",512GB SSD M.2 NVMe /,35.98 x 23.38 x 1.61 cm,1.7 kg
131,"AMD Ryzen 5 4500U ( 2.3 GHz - 4.0 GHz / 8MB / 6 nhân, 6 luồng )",AMD Radeon Graphics,8GB (4GB + 4GB Onboard) DDR4 2666MHz ( 1 Khe cắm / Hỗ trợ tối đa 8GB ),"14"" ( 1920 x 1080 ) Full HD TN không cảm ứng , VGA webcam",512GB SSD M.2 NVMe /,32.71 x 24.1 x 1.99 cm,1.5 kg
132,"Intel Core i5-1035G1 ( 1.0 GHz - 3.6 GHz / 6MB / 4 nhân, 8 luồng )",Intel UHD Graphics,1 x 8GB DDR4 2666MHz ( 2 Khe cắm / Hỗ trợ tối đa 16GB ),"14"" ( 1366 x 768 ) HD SVA không cảm ứng , HD webcam",512GB SSD M.2 NVMe /,32.4 x 22.5 x 1.8 cm,1.5 kg
133,"Intel Core i7-10750H ( 2.6 GHz - 5.0 GHz / 12MB / 6 nhân, 12 luồng )",NVIDIA GeForce GTX 1650Ti 4GB GDDR6 / Intel UHD Graphics,1 x 8GB DDR4 2666MHz ( 2 Khe cắm / Hỗ trợ tối đa 64GB ),"15.6"" ( 1920 x 1080 ) Full HD IPS không cảm ứng , HD webcam",512GB SSD M.2 NVMe /,36 x 25.6 x 2.34 cm,2.2 kg
134,"Intel Core i5-1035G1 ( 1.0 GHz - 3.6 GHz / 6MB / 4 nhân, 8 luồng )",Intel UHD Graphics,8GB Onboard LPDDR4X 3200MHz Không nâng cấp được ),"14"" ( 1920 x 1080 ) Full HD IPS không cảm ứng , HD webcam",512GB SSD M.2 NVMe /,31.9 x 20.8 x 1.39 cm,0.9 kg
135,"Intel Core i5-1035G1 ( 1.0 GHz - 3.6 GHz / 6MB / 4 nhân, 8 luồng )",Intel UHD Graphics,8GB Onboard LPDDR4X 3200MHz Không nâng cấp được ),"14"" ( 1920 x 1080 ) Full HD IPS không cảm ứng , HD webcam",512GB SSD M.2 NVMe /,31.9 x 20.8 x 1.39 cm,1.2 kg
136,"Intel Core i5-10210U ( 1.6 GHz - 4.2 GHz / 6MB / 4 nhân, 8 luồng )",Intel UHD Graphics,8GB Onboard DDR4 2666MHz,"14"" ( 1920 x 1080 ) Full HD WVA không cảm ứng , Màn hình chống lóa , HD webcam",512GB SSD M.2 NVMe /,32.9 x 22.615 x 1.67 cm,1.35 kg
137,"Intel Core i5-1035G1 ( 1.0 GHz - 3.6 GHz / 6MB / 4 nhân, 8 luồng )",Intel UHD Graphics,1 x 4GB DDR4 2666MHz ( 1 Khe cắm / Hỗ trợ tối đa 32GB ),"15.6"" ( 1920 x 1080 ) Full HD TN không cảm ứng , Màn hình chống lóa , HD webcam",256GB SSD M.2 NVMe /,36.4 x 24.5 x 1.89 cm,1.8 kg
138,"Intel Core i5-10210U ( 1.6 GHz - 4.2 GHz / 6MB / 4 nhân, 8 luồng )",Intel UHD Graphics,1 x 4GB Onboard DDR4 2666MHz ( 1 Khe cắm / Hỗ trợ tối đa 16GB ),"15.6"" ( 1920 x 1080 ) Full HD không cảm ứng , Màn hình chống lóa , HD webcam",256GB SSD M.2 NVMe /,35.72 x 23.04 x 1.99 cm,1.6 kg
139,"Intel Core i5-10300H ( 2.5 GHz - 4.5 GHz / 8MB / 4 nhân, 8 luồng )",NVIDIA GeForce GTX 1650 4GB GDDR6 / Intel UHD Graphics,1 x 8GB DDR4 3200MHz ( 2 Khe cắm / Hỗ trợ tối đa 32GB ),"15.6"" ( 1920 x 1080 ) Full HD IPS không cảm ứng , Màn hình chống lóa , HD webcam",512GB SSD M.2 NVMe /,36 x 25.6 x 2.34 cm,2.3 kg
140,"AMD Ryzen 3 4300U ( 2.7 GHz - 3.7 GHz / 4MB / 4 nhân, 4 luồng )",AMD Radeon Graphics,1 x 4GB DDR4 3200MHz ( 2 Khe cắm / Hỗ trợ tối đa 16GB ),"14"" ( 1366 x 768 ) HD không cảm ứng , HD webcam",256GB SSD M.2 NVMe /,32.41 x 23.77 x 1.80 cm,1.6 kg
141,"Intel Core i7-10510U ( 1.8 GHz - 4.9 GHz / 8MB / 4 nhân, 8 luồng )",NVIDIA GeForce MX250 2GB GDDR5 / Intel UHD Graphics,1 x 8GB DDR4 2666MHz ( 2 Khe cắm / Hỗ trợ tối đa 16GB ),"15.6"" ( 1920 x 1080 ) Full HD không cảm ứng , HD webcam",256GB SSD M.2 NVMe /,36.5 x 25.68 x 1.91 cm,1.9 kg
142,"Intel Core i7-10510U ( 1.8 GHz - 4.9 GHz / 8MB / 4 nhân, 8 luồng )",NVIDIA GeForce MX250 2GB GDDR5 / Intel UHD Graphics,1 x 8GB DDR4 2666MHz ( 2 Khe cắm / Hỗ trợ tối đa 16GB ),"15.6"" ( 1920 x 1080 ) Full HD không cảm ứng , Màn hình chống lóa , HD webcam",256GB SSD M.2 NVMe /,36.50 x 25.68 x 1.91 cm,1.9 kg
143,"Intel Core i7-10750H ( 2.6 GHz - 5.0 GHz / 12MB / 6 nhân, 12 luồng )",NVIDIA GeForce GTX 1650 4GB GDDR6 / Intel UHD Graphics,1 x 8GB DDR4 2933MHz ( 2 Khe cắm / Hỗ trợ tối đa 16GB ),"15.6"" ( 1920 x 1080 ) Full HD IPS không cảm ứng , Màn hình chống lóa , HD webcam",512GB SSD M.2 NVMe /,35.9 x 24.96 x 2.49 cm,2.2 kg
144,"Intel Core i7-10750H ( 2.6 GHz - 5.0 GHz / 12MB / 6 nhân, 12 luồng )",NVIDIA GeForce GTX 1650 4GB GDDR6 / Intel UHD Graphics,1 x 8GB DDR4 2933MHz ( 2 Khe cắm / Hỗ trợ tối đa 16GB ),"15.6"" ( 1920 x 1080 ) Full HD IPS không cảm ứng , HD webcam",512GB SSD M.2 NVMe /,36.306 x 25.961 x 2.357 cm,2.3 kg
145,"Intel Core i5-10300H ( 2.5 GHz - 4.5 GHz / 8MB / 4 nhân, 8 luồng )",NVIDIA GeForce GTX 1650 4GB GDDR6 / Intel UHD Graphics,1 x 8GB DDR4 2933MHz ( 2 Khe cắm / Hỗ trợ tối đa 16GB ),"15.6"" ( 1920 x 1080 ) Full HD IPS 120Hz , không cảm ứng , HD webcam",512GB SSD M.2 NVMe /,36.306 x 25.961 x 2.357 cm,2.3 kg
146,"Intel Core i5-10300H ( 2.5 GHz - 4.5 GHz / 8MB / 4 nhân, 8 luồng )",NVIDIA GeForce RTX 2060 6GB GDDR6 / Intel UHD Graphics,1 x 16GB DDR4 2933MHz ( 2 Khe cắm / Hỗ trợ tối đa 32GB ),"15.6"" ( 1920 x 1080 ) Full HD IPS 144Hz , không cảm ứng , HD webcam",512GB SSD M.2 NVMe /,36.34 x 25.5 x 2.39 cm,2.3 kg
147,"Intel Core i5-10300H ( 2.5 GHz - 4.5 GHz / 8MB / 4 nhân, 8 luồng )",NVIDIA GeForce GTX 1650Ti 4GB GDDR6 / Intel UHD Graphics,1 x 8GB DDR4 2933MHz ( 2 Khe cắm / Hỗ trợ tối đa 32GB ),"15.6"" ( 1920 x 1080 ) Full HD IPS 144Hz , không cảm ứng , HD webcam",512GB SSD M.2 NVMe /,36.34 x 25.5 x 2.39 cm,2.3 kg
148,"Intel Core i3-1005G1 ( 1.2 GHz - 3.4 GHz / 4MB / 2 nhân, 4 luồng )",Intel UHD Graphics,1 x 4GB DDR4 2666MHz ( 1 Khe cắm / Hỗ trợ tối đa 20GB ),"14"" ( 1920 x 1080 ) Full HD TN không cảm ứng , HD webcam",256GB SSD M.2 NVMe /,32.50 x 21.60 x 2.31 cm,1.4 kg
149,"AMD Ryzen 5 4500U ( 2.3 GHz - 4.0 GHz / 8MB / 6 nhân, 6 luồng )",AMD Radeon Graphics,8GB Onboard DDR4 3200MHz Không nâng cấp được ),"13.3"" ( 1920 x 1080 ) Full HD cảm ứng , HD webcam",256GB SSD M.2 NVMe /,30.65 x 19.464 x 1.64 cm,1.3 kg
150,"Intel Core i7-10750H ( 2.6 GHz - 5.0 GHz / 12MB / 6 nhân, 12 luồng )",NVIDIA GeForce GTX 1660Ti 6GB GDDR6 / Intel UHD Graphics,2 x 8GB DDR4 2666MHz ( 2 Khe cắm / Hỗ trợ tối đa 64GB ),"15.6"" ( 1920 x 1080 ) Full HD IPS 144Hz , không cảm ứng , HD webcam",512GB SSD M.2 NVMe /,35.7 x 24.8 x 2.75 cm,2.3 kg
151,"Intel Core i7-10750H ( 2.6 GHz - 5.0 GHz / 12MB / 6 nhân, 12 luồng )",NVIDIA GeForce RTX 2060 6GB GDDR6 / Intel UHD Graphics,2 x 8GB DDR4 3200MHz ( 2 Khe cắm / Hỗ trợ tối đa 64GB ),"15.6"" ( 1920 x 1080 ) Full HD IPS 240Hz , không cảm ứng , HD webcam",512GB SSD M.2 NVMe /,35.83 x 24.8 x 1.98 cm,2.1 kg
152,"Intel Core i5-1035G4 ( 1.1 GHz - 3.7 GHz / 6MB / 4 nhân, 8 luồng )",Intel Iris Plus Graphics,8GB Onboard DDR4 2666MHz Không nâng cấp được ),"13.3"" ( 1920 x 1080 ) Full HD IPS không cảm ứng , HD webcam",512GB SSD M.2 NVMe /,30.65 x 19.46 x 1.69 cm,1.3 kg
153,"AMD Ryzen 3 3250U ( 2.6 GHz - 3.5 GHz / 4MB / 2 nhân, 4 luồng )",AMD Radeon Graphics,1 x 4GB DDR4 2400MHz ( 2 Khe cắm / Hỗ trợ tối đa 16GB ),"14"" ( 1366 x 768 ) HD SVA không cảm ứng , HD webcam",256GB SSD M.2 NVMe /,32.42 x 22.59 x 1.9 cm,1.5 kg
154,"Intel Core i7-10510U ( 1.8 GHz - 4.9 GHz / 8MB / 4 nhân, 8 luồng )",AMD Radeon 610 2GB GDDR5 / Intel UHD Graphics,1 x 8GB DDR4 2666MHz ( 2 Khe cắm / Hỗ trợ tối đa 16GB ),"15.6"" ( 1920 x 1080 ) Full HD TN không cảm ứng , Màn hình chống lóa , HD webcam",256GB SSD M.2 NVMe /,38 x 25.8 x 2.0 cm,2.1 kg
155,"Intel Core i3-1005G1 ( 1.2 GHz - 3.4 GHz / 4MB / 2 nhân, 4 luồng )",Intel UHD Graphics,1 x 4GB DDR4 3200MHz ( 2 Khe cắm / Hỗ trợ tối đa 16GB ),"14"" ( 1920 x 1080 ) Full HD IPS cảm ứng , HD webcam",256GB SSD M.2 NVMe /,32.4 x 22.1 x 1.9 cm,1.7 kg
156,"Intel Core i3-1005G1 ( 1.2 GHz - 3.4 GHz / 4MB / 2 nhân, 4 luồng )",Intel UHD Graphics,1 x 4GB Onboard DDR4 2666MHz ( 1 Khe cắm / Hỗ trợ tối đa 16GB ),"15.6"" ( 1920 x 1080 ) Full HD không cảm ứng , Màn hình chống lóa , VGA webcam",512GB SSD M.2 NVMe /,36.02 x 23.49 x 2.29 cm,1.7 kg
157,"Intel Core i5-1035G1 ( 1.0 GHz - 3.6 GHz / 6MB / 4 nhân, 8 luồng )",NVIDIA GeForce MX330 2GB GDDR5 / Intel UHD Graphics,1 x 4GB Onboard DDR4 2666MHz ( 1 Khe cắm / Hỗ trợ tối đa 12GB ),"15.6"" ( 1920 x 1080 ) Full HD không cảm ứng , Màn hình chống lóa , VGA webcam",1TB HDD 5400RPM,36.02 x 23.49 x 2.29 cm,1.8 kg
158,"Intel Core i5-10210U ( 1.6 GHz - 4.2 GHz / 6MB / 4 nhân, 8 luồng )",,8GB Onboard DDR4 2666MHz,"15.6"" ( 1920 x 1080 ) Full HD IPS không cảm ứng , Màn hình chống lóa , HD webcam",512GB SSD M.2 NVMe /,35.98 x 23.38 x 1.61 cm,1.7 kg
159,"Intel Core i3-8130U ( 2.2 GHz - 3.4 GHz / 4MB / 2 nhân, 4 luồng )",Intel HD Graphics 620,1 x 4GB Onboard DDR4 2400MHz ( 1 Khe cắm / Hỗ trợ tối đa 12GB ),"15.6"" ( 1920 x 1080 ) Full HD không cảm ứng",256GB SSD M.2 NVMe /,36.34 x 24.75 x 1.99 cm,1.7 kg
160,"Intel Core i5-10210U ( 1.6 GHz - 4.2 GHz / 6MB / 4 nhân, 8 luồng )",Intel UHD Graphics,8GB Onboard LPDDR3 2133MHz Không nâng cấp được ),"14"" ( 1920 x 1080 ) Full HD IPS không cảm ứng , Màn hình chống lóa , HD webcam",512GB SSD M.2 NVMe /,32 x 20.3 x 1.49 cm,1 kg
161,"AMD Ryzen 7 4800H ( 2.9 GHz - 4.2 GHz / 8MB / 8 nhân, 16 luồng )",NVIDIA GeForce RTX 2060 6GB GDDR6 / AMD Radeon Graphics,2 x 8GB DDR4 3200MHz ( 2 Khe cắm / Hỗ trợ tối đa 32GB ),"15.6"" ( 1920 x 1080 ) Full HD IPS 144Hz , không cảm ứng , Màn hình chống lóa , HD webcam",1TB SSD M.2 NVMe /,35.98 x 25.6 x 2.47 cm,2.3 kg
162,"Intel Core i3-1005G1 ( 1.2 GHz - 3.4 GHz / 4MB / 2 nhân, 4 luồng )",Intel UHD Graphics,1 x 4GB DDR4 2666MHz ( 2 Khe cắm / Hỗ trợ tối đa 32GB ),"15.6"" ( 1366 x 768 ) HD SVA không cảm ứng",256GB SSD M.2 NVMe /,35.85 x 24.2 x 1.79 cm,1.7 kg
163,"Microsoft SQ1 2MB / 8 nhân, 8 luồng )",Microsoft SQ1 Adreno 685,8GB Onboard LPDDR4 3733MHz Không nâng cấp được ),"13"" ( 2880 x 1920 ) cảm ứng , HD webcam",128GB SSD /,28.7 x 20.8 x 0.73 cm,0.8 kg
164,"Intel Core i3-1005G1 ( 1.2 GHz - 3.4 GHz / 4MB / 2 nhân, 4 luồng )",Intel UHD Graphics,4GB LPDDR4,"12.3"" ( 2736 x 1824 ) cảm ứng , HD webcam",128GB SSD /,29.21 x 20.14 x 0.85 cm,0.8 kg
165,"Intel Core i7-10750H ( 2.6 GHz - 5.0 GHz / 12MB / 6 nhân, 12 luồng )",NVIDIA GeForce GTX 1650 4GB GDDR6 / Intel UHD Graphics,1 x 8GB DDR4 2666MHz ( 2 Khe cắm / Hỗ trợ tối đa 64GB ),"17.3"" ( 1920 x 1080 ) Full HD IPS 144Hz , không cảm ứng , HD webcam",512GB SSD M.2 NVMe /,39.77 x 26 x 2.31 cm,2.2 kg
166,"Intel Core i5-10210U ( 1.6 GHz - 4.2 GHz / 6MB / 4 nhân, 8 luồng )",NVIDIA GeForce MX230 2GB GDDR5 / Intel UHD Graphics,1 x 4GB Onboard DDR4 2400MHz ( 1 Khe cắm / Hỗ trợ tối đa 20GB ),"15.6"" ( 1920 x 1080 ) Full HD không cảm ứng , VGA webcam",512GB SSD M.2 NVMe /,36.34 x 25.05 x 1.995 cm,1.7 kg
167,"AMD Ryzen 3 3250U ( 2.6 GHz - 3.5 GHz / 4MB / 2 nhân, 4 luồng )",AMD Radeon Graphics,1 x 4GB Onboard DDR4 2400MHz ( 1 Khe cắm / Hỗ trợ tối đa 12GB ),"15.6"" ( 1920 x 1080 ) Full HD không cảm ứng , HD webcam",256GB SSD M.2 NVMe /,36.34 x 25.05 x 1.99 cm,1.7 kg
168,"Intel Celeron N4020 ( 1.10 GHz - 2.80 GHz / 4MB / 2 nhân, 2 luồng )",Intel UHD Graphics 600,1 x 4GB Onboard DDR4 2666MHz ( 1 Khe cắm / Hỗ trợ tối đa 8GB ),"15.6"" ( 1280 x 720 ) HD không cảm ứng , VGA webcam",256GB SSD M.2 NVMe /,36.34 x 24.75 x 1.99 cm,1.7 kg
169,"Intel Core i5-1035G1 ( 1.0 GHz - 3.6 GHz / 6MB / 4 nhân, 8 luồng )",Intel UHD Graphics,1 x 4GB Onboard DDR4 2666MHz ( 1 Khe cắm / Hỗ trợ tối đa 20GB ),"15.6"" ( 1920 x 1080 ) Full HD IPS không cảm ứng , HD webcam",512GB SSD M.2 NVMe /,36.34 x 25.05 x 1.795 cm,1.7 kg
170,"AMD Ryzen 5 4600H ( 3.0 GHz - 4.0 GHz / 8MB / 6 nhân, 12 luồng )",NVIDIA GeForce GTX 1650 4GB GDDR6 / AMD Radeon Graphics,1 x 8GB DDR4 3200MHz ( 2 Khe cắm / Hỗ trợ tối đa 32GB ),"15.6"" ( 1920 x 1080 ) Full HD IPS 144Hz , không cảm ứng , HD webcam",512GB SSD M.2 NVMe /,36 x 26.2 x 2.60 cm,2.3 kg
171,"Intel Core i5-10210U ( 1.6 GHz - 4.2 GHz / 6MB / 4 nhân, 8 luồng )",Intel UHD Graphics,1 x 8GB DDR4 2666MHz ( 1 Khe cắm / Hỗ trợ tối đa 32GB ),"14"" ( 1920 x 1080 ) Full HD IPS không cảm ứng , HD webcam",256GB SSD M.2 NVMe /,32.2 x 22.2 x 1.59 cm,1.2 kg
172,"Intel Core i5-10210U ( 1.6 GHz - 4.2 GHz / 6MB / 4 nhân, 8 luồng )",Intel UHD Graphics,1 x 8GB DDR4 2666MHz ( 2 Khe cắm / Hỗ trợ tối đa 64GB ),"15.6"" ( 1920 x 1080 ) Full HD IPS không cảm ứng , HD webcam",512GB SSD M.2 NVMe /,35.6 x 23.37 x 1.59 cm,1.6 kg
173,"AMD Ryzen 5 4600H ( 3.0 GHz - 4.0 GHz / 8MB / 6 nhân, 12 luồng )",NVIDIA GeForce GTX 1650Ti 4GB GDDR6 / AMD Radeon Graphics,1 x 8GB DDR4 3200MHz ( 2 Khe cắm / Hỗ trợ tối đa 32GB ),"17.3"" ( 1920 x 1080 ) Full HD IPS 120Hz , không cảm ứng , HD webcam",512GB SSD M.2 NVMe /,39.9 x 26.9 x 2.52 cm,2.6 kg
174,"Intel Core i3-10110U ( 2.1 GHz - 4.1 GHz / 4MB / 2 nhân, 4 luồng )",Intel UHD Graphics,1 x 4GB Onboard DDR4 2666MHz ( 1 Khe cắm / Hỗ trợ tối đa 20GB ),"14"" ( 1920 x 1080 ) Full HD TN không cảm ứng , Màn hình chống lóa , HD webcam",128GB SSD M.2 NVMe /,32.18 x 22.76 x 1.83 cm,1.5 kg
175,"Intel Core i3-10110U ( 2.1 GHz - 4.1 GHz / 4MB / 2 nhân, 4 luồng )",Intel UHD Graphics,1 x 4GB DDR4 2666MHz ( 2 Khe cắm / Hỗ trợ tối đa 32GB ),"14"" ( 1366 x 768 ) HD SVA không cảm ứng , Màn hình chống lóa , HD webcam",256GB SSD M.2 NVMe /,22.59 x 32.4 x 1.99 cm,1.5 kg
176,"AMD Ryzen 5 3500U ( 2.1 GHz - 3.7 GHz / 4MB / 4 nhân, 8 luồng )",AMD Radeon Vega 8 Graphics,1 x 4GB Onboard DDR4 ( 1 Khe cắm / Hỗ trợ tối đa 12GB ),"15.6"" ( 1920 x 1080 ) Full HD không cảm ứng , Màn hình chống lóa , VGA webcam",256GB SSD M.2 NVMe /,36 x 23.5 x 2.29 cm,1.9 kg
177,"Intel Core i3-1005G1 ( 1.2 GHz - 3.4 GHz / 4MB / 2 nhân, 4 luồng )",Intel UHD Graphics,1 x 4GB Onboard DDR4 2400MHz ( 1 Khe cắm / Hỗ trợ tối đa 20GB ),"15.6"" ( 1920 x 1080 ) Full HD không cảm ứng , HD webcam",256GB SSD M.2 NVMe /,36.34 x 25.05 x 1.79 cm,1.7 kg
178,"Intel Core i5 9300H ( 2.4 GHz - 4.1 GHz / 8MB / 4 nhân, 8 luồng )",NVIDIA GeForce GTX 1050 3GB GDDR5 / Intel UHD Graphics 630,1 x 8GB DDR4 2666MHz ( 2 Khe cắm / Hỗ trợ tối đa 32GB ),"15.6"" ( 1920 x 1080 ) Full HD TN không cảm ứng , Màn hình chống lóa , HD webcam",256GB SSD M.2 NVMe /,35.8 x 23.9 x 2.0 cm,2 kg
179,"Intel Core i7-9750HF ( 2.6 GHz - 4.5 GHz / 12MB / 6 nhân, 12 luồng )",NVIDIA GeForce GTX 1050 3GB GDDR5,1 x 8GB DDR4 2400MHz ( 1 Khe cắm / Hỗ trợ tối đa 16GB ),"15.6"" ( 1920 x 1080 ) Full HD IPS không cảm ứng , Màn hình chống lóa , HD webcam",512GB SSD M.2 NVMe /,36.3 x 25.46 x 2.39 cm,2.2 kg
180,"Intel Core i5-1035G1 ( 1.0 GHz - 3.6 GHz / 6MB / 4 nhân, 8 luồng )",Intel UHD Graphics,1 x 4GB DDR4 2666MHz ( 2 Khe cắm / Hỗ trợ tối đa 16GB ),"15.6"" ( 1920 x 1080 ) Full HD TN không cảm ứng , HD webcam",512GB SSD M.2 NVMe /,38 x 25.8 x 1.99 cm,2 kg
181,"Intel Core i5-1035G1 ( 1.0 GHz - 3.6 GHz / 6MB / 4 nhân, 8 luồng )",Intel UHD Graphics,1 x 4GB DDR4 2666MHz ( 1 Khe cắm / Hỗ trợ tối đa 16GB ),"14"" ( 1920 x 1080 ) Full HD IPS không cảm ứng , HD webcam",1TB HDD 5400RPM,32.68 x 22.55 x 1.79 cm,1.6 kg
182,"Intel Core i5-1035G1 ( 1.0 GHz - 3.6 GHz / 6MB / 4 nhân, 8 luồng )",Intel UHD Graphics,1 x 8GB DDR4 2666MHz ( 2 Khe cắm / Hỗ trợ tối đa 32GB ),"15.6"" ( 1366 x 768 ) HD SVA không cảm ứng , HD webcam",512GB SSD M.2 NVMe /,35.85 x 24.2 x 1.79 cm,1.6 kg
183,"Intel Core i5-1035G1 ( 1.0 GHz - 3.6 GHz / 6MB / 4 nhân, 8 luồng )",Intel UHD Graphics,1 x 8GB DDR4 2666MHz ( 1 Khe cắm / Hỗ trợ tối đa 16GB ),"14"" ( 1920 x 1080 ) Full HD IPS không cảm ứng , HD webcam",512GB SSD M.2 NVMe /,32.68 x 22.55 x 1.79 cm,1.6 kg
184,"AMD Ryzen 5 4500U ( 2.3 GHz - 4.0 GHz / 8MB / 6 nhân, 6 luồng )",AMD Radeon Graphics,8GB Onboard LPDDR4 2400MHz Không nâng cấp được ),"14"" ( 1920 x 1080 ) Full HD IPS không cảm ứng , HD webcam",512GB SSD M.2 NVMe /,32.34 x 21.89 x 1.595 cm,1.2 kg
185,"Intel Core i7-10750H ( 2.6 GHz - 5.0 GHz / 12MB / 6 nhân, 12 luồng )",NVIDIA GeForce GTX 1650Ti 4GB GDDR6 / Intel UHD Graphics,1 x 8GB DDR4 2933MHz ( 2 Khe cắm / Hỗ trợ tối đa 32GB ),"15.6"" ( 1920 x 1080 ) Full HD IPS không cảm ứng , HD webcam",512GB SSD M.2 NVMe /,36.34 x 25.5 x 2.39 cm,2.3 kg
186,"Intel Core i3-8145U ( 2.1 GHz - 3.9 GHz / 4MB / 2 nhân, 4 luồng )",Intel UHD Graphics,1 x 4GB Onboard DDR4 ( 1 Khe cắm / Hỗ trợ tối đa 16GB ),"14"" ( 1920 x 1080 ) Full HD TN không cảm ứng , HD webcam",256GB SSD M.2 NVMe /,32.50 x 21.60 x 2.31 cm,1.6 kg
187,"Intel Core i5-10300H ( 2.5 GHz - 4.5 GHz / 8MB / 4 nhân, 8 luồng )",NVIDIA GeForce GTX 1660Ti 6GB GDDR6 / Intel UHD Graphics,1 x 8GB DDR4 2666MHz ( 2 Khe cắm / Hỗ trợ tối đa 64GB ),"15.6"" ( 1920 x 1080 ) Full HD IPS 144Hz , không cảm ứng , HD webcam",512GB SSD M.2 NVMe /,35.9 x 25.4 x 2.17 cm,1.9 kg
188,"Intel Core i3-8145U ( 2.1 GHz - 3.9 GHz / 4MB / 2 nhân, 4 luồng )",Intel UHD Graphics 620,1 x 4GB Onboard DDR4 ( 1 Khe cắm / Hỗ trợ tối đa 12GB ),"14"" ( 1920 x 1080 ) Full HD không cảm ứng , HD webcam",1TB HDD 5400RPM,32.2 x 21.2 x 1.9 cm,1.5 kg
189,"AMD Ryzen 5 4600H ( 3.0 GHz - 4.0 GHz / 8MB / 6 nhân, 12 luồng )",NVIDIA GeForce GTX 1650Ti 4GB GDDR6 / AMD Radeon Graphics,1 x 8GB DDR4 3200MHz ( 2 Khe cắm / Hỗ trợ tối đa 32GB ),"15.6"" ( 1920 x 1080 ) Full HD IPS 144Hz , không cảm ứng , Màn hình chống lóa , HD webcam",512GB SSD M.2 NVMe /,35.98 x 25.6 x 2.28 cm,2 kg
190,"Intel Core i3-8145U ( 2.1 GHz - 3.9 GHz / 4MB / 2 nhân, 4 luồng )",Intel UHD Graphics,1 x 4GB Onboard DDR4 2400MHz ( 1 Khe cắm / Hỗ trợ tối đa 12GB ),"15.6"" ( 1920 x 1080 ) Full HD không cảm ứng , Màn hình chống lóa , VGA webcam",1TB HDD 5400RPM,36 x 23.5 x 2.29 cm,1.8 kg
191,"Intel Core i5-1035G1 ( 1.0 GHz - 3.6 GHz / 6MB / 4 nhân, 8 luồng )",Intel UHD Graphics,1 x 4GB Onboard DDR4 2666MHz ( 1 Khe cắm / Hỗ trợ tối đa 12GB ),"14"" ( 1920 x 1080 ) Full HD không cảm ứng , Màn hình chống lóa , VGA webcam",1TB HDD 5400RPM,32.5 x 21.6 x 2.29 cm,1.6 kg
192,"Intel Core i5-1035G1 ( 1.0 GHz - 3.6 GHz / 6MB / 4 nhân, 8 luồng )",NVIDIA GeForce MX330 2GB GDDR5 / Intel UHD Graphics,1 x 4GB Onboard DDR4 2666MHz ( 1 Khe cắm / Hỗ trợ tối đa 12GB ),"15.6"" ( 1920 x 1080 ) Full HD không cảm ứng , Màn hình chống lóa , VGA webcam",512GB SSD M.2 NVMe /,36.02 x 23.49 x 2.29 cm,1.7 kg
193,"AMD Ryzen 3 3250U ( 2.6 GHz - 3.5 GHz / 4MB / 2 nhân, 4 luồng )",AMD Radeon Graphics,1 x 4GB Onboard DDR4 2400MHz ( 1 Khe cắm / Hỗ trợ tối đa 12GB ),"15.6"" ( 1920 x 1080 ) Full HD không cảm ứng , HD webcam",512GB SSD M.2 NVMe /,36.34 x 25.05 x 1.99 cm,1.7 kg
194,"Intel Core i3-1005G1 ( 1.2 GHz - 3.4 GHz / 4MB / 2 nhân, 4 luồng )",Intel UHD Graphics,1 x 4GB DDR4 2666MHz ( 2 Khe cắm / Hỗ trợ tối đa 16GB ),"14"" ( 1920 x 1080 ) Full HD không cảm ứng , Màn hình chống lóa , HD webcam",256GB SSD M.2 NVMe /,33.9 x 24.19 x 2.1 cm,1.7 kg
195,"Intel Core i5-1035G1 ( 1.0 GHz - 3.6 GHz / 6MB / 4 nhân, 8 luồng )",NVIDIA GeForce MX230 2GB GDDR5 / Intel UHD Graphics,1 x 8GB DDR4 2666MHz ( 2 Khe cắm / Hỗ trợ tối đa 16GB ),"15.6"" ( 1920 x 1080 ) Full HD không cảm ứng , Màn hình chống lóa , HD webcam",256GB SSD M.2 NVMe /,2.2 x 38 x 25.9 cm,1.9 kg
196,"Intel Core i3-10110U ( 2.1 GHz - 4.1 GHz / 4MB / 2 nhân, 4 luồng )",Intel UHD Graphics,1 x 4GB DDR4 2666MHz ( 2 Khe cắm / Hỗ trợ tối đa 16GB ),"15.6"" ( 1920 x 1080 ) Full HD TN không cảm ứng , Màn hình chống lóa , HD webcam",256GB SSD M.2 NVMe /,38 x 25.8 x 2 cm,2 kg
197,"Intel Core i5-1035G1 ( 1.0 GHz - 3.6 GHz / 6MB / 4 nhân, 8 luồng )",Intel UHD Graphics,1 x 8GB DDR4 2666MHz ( 2 Khe cắm / Hỗ trợ tối đa 16GB ),"14"" ( 1920 x 1080 ) Full HD IPS không cảm ứng , Màn hình chống lóa , HD webcam",256GB SSD M.2 NVMe /,33.9 x 24.2 x 2.1 cm,1.8 kg
198,"Intel Core i5-1035G1 ( 1.0 GHz - 3.6 GHz / 6MB / 4 nhân, 8 luồng )",Intel UHD Graphics,8GB Onboard DDR4 3200MHz Không nâng cấp được ),"15.6"" ( 1920 x 1080 ) Full HD IPS không cảm ứng , Màn hình chống lóa , HD webcam",256GB SSD M.2 NVMe /,35.66 x 23.3 x 1.79 cm,1.7 kg
199,"Intel Core i3-1005G1 ( 1.2 GHz - 3.4 GHz / 4MB / 2 nhân, 4 luồng )",Intel UHD Graphics,1 x 4GB Onboard DDR4 2400MHz ( 1 Khe cắm / Hỗ trợ tối đa 12GB ),"14"" ( 1920 x 1080 ) Full HD IPS không cảm ứng , HD webcam",512GB SSD M.2 NVMe /,32.88 x 23.6 x 1.795 cm,1.5 kg
