,Name,CPU,RAM,Ổ cứng,Màn hình,Card màn hình,Cổng kết nối,Hệ điều hành,Thiết kế,Kích thước,Thời điểm ra mắt,Price
0,Laptop Lenovo ThinkBook 15IIL i3 1005G1/4GB/512GB/Win10 (20SM00D9VN),"Intel Core i3 Ice Lake, 1005G1, 1.20 GHz","4 GB, DDR4 (1 khe), 2666 MHz","SSD 512 GB M.2 PCIe, Hỗ trợ khe cắm HDD SATA","15.6 inch, Full HD (1920 x 1080)",Intel UHD Graphics,"2 x USB 3.1, HDMI, LAN (RJ45), USB 2.0, 2 x USB Type-C",Windows 10 Home SL,"Vỏ kim loại, PIN liền","Dày 18.9 mm, 1.8 Kg",2020,11.690.000₫
1,Laptop Lenovo IdeaPad S340 14IIL i5 1035G1/8GB/512GB/Win10 (81VV003SVN),"Intel Core i5 Ice Lake, 1035G1, 1.00 GHz","8 GB, DDR4 (On board 4GB +1 khe 4GB), 2666 MHz","SSD 512 GB M.2 PCIe, Hỗ trợ khe cắm HDD SATA","14 inch, Full HD (1920 x 1080)",Intel UHD Graphics,"2 x USB 3.1, HDMI, USB Type-C",Windows 10 Home SL,"Vỏ nhựa - nắp lưng bằng kim loại, PIN liền","Dày 17.9 mm, 1.6 kg",2019,14.390.000₫
2,Laptop Lenovo IdeaPad Slim 5 15ITL05 i5 1135G7/8GB/512GB/Win10 (82FG001PVN),"Intel Core i5 Tiger Lake, 1135G7, 2.40 GHz","8 GB, DDR4 (On board), 3200 MHz",SSD 512 GB M.2 PCIe,"15.6 inch, Full HD (1920 x 1080)",Intel® Iris® Xe Graphics,"USB Type-C (Power Delivery and DisplayPort), 2 x USB 3.2, HDMI",Windows 10 Home SL,"Vỏ nhựa - nắp lưng bằng kim loại, PIN liền","Dày 17.9 mm, 1.66 kg",2020,17.490.000₫
3,Laptop Acer Aspire 3 A315 54K 37B0 i3 8130U/4GB/256GB/Win10 (NX.HEESV.00D),"Intel Core i3 Coffee Lake, 8130U, 2.20 GHz","4 GB, DDR4 (On board +1 khe), 2400 MHz","SSD 256GB NVMe PCIe, Hỗ trợ khe cắm HDD SATA","15.6 inch, Full HD (1920 x 1080)",Intel® HD Graphics 620,"2 x USB 2.0, USB 3.1, HDMI, LAN (RJ45)",Windows 10 Home SL,"Vỏ nhựa, PIN liền","Dày 19.9 mm, 1.7 kg",2019,10.790.000₫
4,Laptop Acer Aspire 3 A315 56 58EB i5 1035G1/8GB/512GB/Win10 (NX.HS5SV.00B),"Intel Core i5 Ice Lake, 1035G1, 1.00 GHz","8 GB, DDR4 (On board 4GB +1 khe 4GB), 2400 MHz","SSD 512 GB M.2 PCIe, Hỗ trợ khe cắm HDD SATA","15.6 inch, Full HD (1920 x 1080)",Intel UHD Graphics,"2 x USB 2.0, USB 3.1, HDMI, LAN (RJ45)",Windows 10 Home SL,"Vỏ nhựa, PIN liền","Dày 19.9 mm, 1.7 kg",2020,15.190.000₫
5,Laptop Apple MacBook Air 2017 i5 1.8GHz/8GB/128GB (MQD32SA/A),"Intel Core i5 Broadwell, 1.80 GHz","8 GB, DDR3L(On board), 1600 MHz",SSD: 128 GB,"13.3 inch, WXGA+(1440 x 900)",Intel HD Graphics 6000,"MagSafe 2, 2 x USB 3.0, Thunderbolt 2",Mac OS,"Vỏ kim loại nguyên khối, PIN liền","Dày 17 mm, 1.35 Kg",2017,18.990.000₫
6,Laptop HP 15s fq1111TU i3 1005G1/4GB/256GB/Win10 (193R0PA),"Intel Core i3 Ice Lake, 1005G1, 1.20 GHz","4 GB, DDR4 (2 khe), 2666 MHz","SSD 256GB NVMe PCIe, Hỗ trợ khe cắm HDD SATA","15.6 inch, Full HD (1920 x 1080)",Intel UHD Graphics,"2 x USB 3.0, HDMI, USB Type-C",Windows 10 Home SL,"Vỏ nhựa, PIN liền","Dày 18 mm, 1.69 kg",2020,11.190.000₫
7,Laptop HP 348 G7 i3 8130U/4GB/256GB/Win10 (9PG83PA),"Intel Core i3 Coffee Lake, 8130U, 2.20 GHz","4 GB, DDR4 (2 khe), 2666 MHz","SSD 256GB NVMe PCIe, Hỗ trợ khe cắm HDD SATA","14 inch, Full HD (1920 x 1080)",Intel® UHD Graphics 620,"3 x USB 3.1, HDMI, LAN (RJ45), USB Type-C",Windows 10 Home SL,"Vỏ nhựa, PIN liền","Dày 1.99 mm, 1.5 kg",2019,11.190.000₫
8,Laptop Asus VivoBook A415EA i5 1135G7/8GB/32GB+512GB/Win10 (EB355T),"Intel Core i5 Tiger Lake, 1135G7, 2.40 GHz","8 GB, DDR4 (On board), 3200 MHz","Intel Optane 32GB (H10), SSD 512 GB M.2 PCIe, Hỗ trợ khe cắm SSD M.2 PCIe","14 inch, Full HD (1920 x 1080)",Intel® Iris® Xe Graphics,"2 x USB 2.0, USB 3.1, HDMI, USB Type-C",Windows 10 Home SL,"Vỏ nhựa - nắp lưng bằng kim loại, PIN liền","Dày 17.9 mm, 1.4 kg",2020,17.290.000₫
9,Laptop Dell Vostro 5402 i5 1135G7/8GB/256GB/Win10 (V4I5003W),"Intel Core i5 Tiger Lake, 1135G7, 2.40 GHz","8 GB, DDR4 (2 khe), 3200 MHz",SSD 256GB NVMe PCIe,"14 inch, Full HD (1920 x 1080)",Intel® Iris® Xe Graphics,"2 x USB 3.2, HDMI, LAN (RJ45), USB Type-C",Windows 10 Home SL,"Vỏ kim loại, PIN liền","Dày 17.9 mm, 1.41 kg",2020,18.290.000₫
10,Laptop Lenovo IdeaPad S145 15IIL i3 1005G1/4GB/256GB/Win10 (81W8001XVN),"Intel Core i3 Ice Lake, 1005G1, 1.20 GHz","4 GB, DDR4 (On board +1 khe), 2666 MHz","SSD 256GB NVMe PCIe, Hỗ trợ khe cắm HDD SATA","15.6 inch, Full HD (1920 x 1080)",Intel UHD Graphics,"2 x USB 3.0, HDMI, USB 2.0",Windows 10 Home SL,"Vỏ nhựa, PIN liền","Dày17.9 mm, 1.79kg",2019,10.340.000₫
11,Laptop HP 15s fq1111TU i3 1005G1/4GB/256GB/Win10 (193R0PA),"Intel Core i3 Ice Lake, 1005G1, 1.20 GHz","4 GB, DDR4 (2 khe), 2666 MHz","SSD 256GB NVMe PCIe, Hỗ trợ khe cắm HDD SATA","15.6 inch, Full HD (1920 x 1080)",Intel UHD Graphics,"2 x USB 3.0, HDMI, USB Type-C",Windows 10 Home SL,"Vỏ nhựa, PIN liền","Dày 18 mm, 1.69 kg",2020,11.190.000₫
12,Laptop Asus VivoBook X509JA i3 1005G1/4GB/256GB/Win10 (EJ480T),"Intel Core i3 Ice Lake, 1005G1, 1.20 GHz","4 GB, DDR4 (On board +1 khe), 2666 MHz","SSD 256GB NVMe PCIe, Hỗ trợ khe cắm HDD SATA","15.6 inch, Full HD (1920 x 1080)",Intel UHD Graphics,"2 x USB 2.0, USB 3.1, HDMI, USB Type-C",Windows 10 Home SL,"Vỏ nhựa, PIN liền","Dày 22.9 mm, 1.73 kg",2020,10.690.000₫
13,Laptop HP 348 G7 i3 8130U/4GB/256GB/Win10 (9PG83PA),"Intel Core i3 Coffee Lake, 8130U, 2.20 GHz","4 GB, DDR4 (2 khe), 2666 MHz","SSD 256GB NVMe PCIe, Hỗ trợ khe cắm HDD SATA","14 inch, Full HD (1920 x 1080)",Intel® UHD Graphics 620,"3 x USB 3.1, HDMI, LAN (RJ45), USB Type-C",Windows 10 Home SL,"Vỏ nhựa, PIN liền","Dày 1.99 mm, 1.5 kg",2019,11.190.000₫
14,Laptop Acer Aspire 3 A315 54K 37B0 i3 8130U/4GB/256GB/Win10 (NX.HEESV.00D),"Intel Core i3 Coffee Lake, 8130U, 2.20 GHz","4 GB, DDR4 (On board +1 khe), 2400 MHz","SSD 256GB NVMe PCIe, Hỗ trợ khe cắm HDD SATA","15.6 inch, Full HD (1920 x 1080)",Intel® HD Graphics 620,"2 x USB 2.0, USB 3.1, HDMI, LAN (RJ45)",Windows 10 Home SL,"Vỏ nhựa, PIN liền","Dày 19.9 mm, 1.7 kg",2019,10.790.000₫
15,Laptop Asus VivoBook A415EA i5 1135G7/8GB/32GB+512GB/Win10 (EB355T),"Intel Core i5 Tiger Lake, 1135G7, 2.40 GHz","8 GB, DDR4 (On board), 3200 MHz","Intel Optane 32GB (H10), SSD 512 GB M.2 PCIe, Hỗ trợ khe cắm SSD M.2 PCIe","14 inch, Full HD (1920 x 1080)",Intel® Iris® Xe Graphics,"2 x USB 2.0, USB 3.1, HDMI, USB Type-C",Windows 10 Home SL,"Vỏ nhựa - nắp lưng bằng kim loại, PIN liền","Dày 17.9 mm, 1.4 kg",2020,17.290.000₫
16,Laptop Apple MacBook Air 2017 i5 1.8GHz/8GB/128GB (MQD32SA/A),"Intel Core i5 Broadwell, 1.80 GHz","8 GB, DDR3L(On board), 1600 MHz",SSD: 128 GB,"13.3 inch, WXGA+(1440 x 900)",Intel HD Graphics 6000,"MagSafe 2, 2 x USB 3.0, Thunderbolt 2",Mac OS,"Vỏ kim loại nguyên khối, PIN liền","Dày 17 mm, 1.35 Kg",2017,18.990.000₫
17,Laptop Asus VivoBook A415EA i5 1135G7/8GB/512GB/Win10 (EB354T),"Intel Core i5 Tiger Lake, 1135G7, 2.40 GHz","8 GB, DDR4 (On board), 3200 MHz","SSD 512 GB M.2 PCIe, Hỗ trợ khe cắm SSD M.2 PCIe","14 inch, Full HD (1920 x 1080)",Intel® Iris® Xe Graphics,"2 x USB 2.0, USB 3.1, HDMI, USB Type-C",Windows 10 Home SL,"Vỏ nhựa - nắp lưng bằng kim loại, PIN liền","Dày 17.9 mm, 1.4 kg",2020,16.990.000₫
18,Laptop Asus VivoBook A415EA i3 1115G4/4GB/512GB/Win10 (EB317T),"Intel Core i3 Tiger Lake, 1115G4, 3.00 GHz","4 GB, DDR4 (On board), 3200 MHz","SSD 512 GB M.2 PCIe, Hỗ trợ khe cắm SSD M.2 PCIe","14 inch, Full HD (1920 x 1080)",Intel UHD Graphics,"2 x USB 2.0, USB 3.1, HDMI, USB Type-C",Windows 10 Home SL,"Vỏ nhựa - nắp lưng bằng kim loại, PIN liền","Dày 17.9 mm, 1.4 kg",2020,13.490.000₫
19,Laptop Asus VivoBook X509JP i5 1035G1/8GB/512GB/2GB MX330/Win10 (EJ023T),"Intel Core i5 Ice Lake, 1035G1, 1.00 GHz","8 GB, DDR4 (On board 4GB +1 khe 4GB), 2666 MHz","SSD 512 GB M.2 PCIe, Hỗ trợ khe cắm HDD SATA","15.6 inch, Full HD (1920 x 1080)",NVIDIA GeForce MX330 2GB,"2 x USB 2.0, USB 3.1, HDMI, USB Type-C",Windows 10 Home SL,"Vỏ nhựa, PIN liền","Dày 22.9 mm, 1.73 kg",2019,16.890.000₫
20,Laptop HP 348 G7 i3 8130U/4GB/512GB/Win10 (1A0Z1PA),"Intel Core i3 Coffee Lake, 8130U, 2.20 GHz","4 GB, DDR4 (2 khe), 2666 MHz","SSD 512 GB M.2 PCIe, Hỗ trợ khe cắm HDD SATA","14 inch, Full HD (1920 x 1080)",Intel® UHD Graphics 620,"3 x USB 3.1, HDMI, LAN (RJ45), USB Type-C",Windows 10 Home SL,"Vỏ nhựa, PIN liền","Dày 19.9 mm, 1.5 kg",2020,12.190.000₫
21,Laptop Dell Vostro 5502 i5 1135G7/8GB/256GB/Win10 (70231340),"Intel Core i5 Tiger Lake, 1135G7, 2.40 GHz","8 GB, DDR4 (2 khe), 3200 MHz","SSD 256GB NVMe PCIe, Hỗ trợ khe cắm SSD M.2 PCIe","15.6 inch, Full HD (1920 x 1080)",Intel® Iris® Xe Graphics,"USB Type-C (Power Delivery and DisplayPort), 2 x USB 3.2, HDMI, LAN (RJ45)",Windows 10 Home SL,"Vỏ nhựa - nắp lưng bằng kim loại, PIN liền","Dày 17.9 mm, 1.7 kg",2020,18.690.000₫
22,Laptop Asus VivoBook X409JA i5 1035G1/8GB/512GB/Win10 (EK052T),"Intel Core i5 Ice Lake, 1035G1, 1.00 GHz","8 GB, DDR4 (On board 4GB +1 khe 4GB), 2666 MHz","SSD 512 GB M.2 PCIe, Không hỗ trợ khe cắm HDD","14 inch, Full HD (1920 x 1080)",Intel UHD Graphics,"2 x USB 2.0, USB 3.1, HDMI, USB Type-C",Windows 10 Home SL,"Vỏ nhựa, PIN liền","Dày 22.9 mm, 1.47 kg",2019,15.190.000₫
23,Laptop Asus VivoBook A515EA i3 1115G4/8GB/512GB/Win10 (BQ497T),"Intel Core i3 Tiger Lake, 1115G4, 3.00 GHz","8 GB, DDR4 (On board +1 khe), 3200 MHz","SSD 512 GB M.2 PCIe, Hỗ trợ khe cắm HDD SATA","15.6 inch, Full HD (1920 x 1080)",Intel UHD Graphics,"1 x USB 3.2, 2 x USB 2.0, HDMI, USB Type-C",Windows 10 Home SL,"Vỏ kim loại, PIN liền","Dày 17.9 mm, 1.8 kg",2020,14.490.000₫
24,Laptop Asus VivoBook X515MA N5030/4GB/512GB/Win10 (EJ120T),"Intel Pentium, N5030, 1.10 GHz","4 GB, DDR4 (1 khe), 2666 MHz",SSD 512 GB M.2 PCIe,"15.6 inch, Full HD (1920 x 1080)",Intel® UHD Graphics 605,"1 x USB 3.2, 2 x USB 2.0, HDMI, USB Type-C",Windows 10 Home SL,"Vỏ nhựa, PIN liền","Dày 19.9 mm, 1.8 kg",2020,8.790.000₫
25,Laptop HP 15s du1103TU i5 10210U/8GB/512GB/Win10 (2W7J7PA),"Intel Core i5 Comet Lake, 10210U, 1.60 GHz","8 GB, DDR4 (2 khe), 2666 MHz","SSD 512 GB M.2 PCIe, Hỗ trợ khe cắm HDD SATA","15.6 inch, Full HD (1920 x 1080)",Intel UHD Graphics,"2 x USB 3.1, HDMI, LAN (RJ45), USB Type-C",Windows 10 Home SL,"Vỏ nhựa, PIN liền","Dày 19.9 mm, 1.7 kg",2020,16.190.000₫
26,Laptop Lenovo IdeaPad S145 15IIL i5 1035G1/8GB/512GB/Win10 (81W80021VN),"Intel Core i5 Ice Lake, 1035G1, 1.00 GHz","8 GB, DDR4 (On board 4GB +1 khe 4GB), 2666 MHz","SSD 512 GB M.2 PCIe, Hỗ trợ khe cắm HDD SATA","15.6 inch, Full HD (1920 x 1080)",Intel UHD Graphics,"2 x USB 3.0, HDMI, USB 2.0",Windows 10 Home SL,"Vỏ nhựa, PIN liền","Dày 17.9 mm, 1.79kg",2019,14.990.000₫
27,Laptop HP 15s fq2028TU i5 1135G7/8GB/512GB/Win10 (2Q5Y5PA),"Intel Core i5 Tiger Lake, 1135G7, 2.40 GHz","8 GB, DDR4 (2 khe), 3200 MHz",SSD 512 GB M.2 PCIe,"15.6 inch, Full HD (1920 x 1080)",Intel® Iris® Xe Graphics,"2 x USB 3.1, HDMI, USB Type-C",Windows 10 Home SL,"Vỏ nhựa, PIN liền","Dày 18 mm, 1.592 kg",2020,16.690.000₫
28,Laptop Dell Vostro 5402 i5 1135G7/8GB/256GB/Win10 (V4I5003W),"Intel Core i5 Tiger Lake, 1135G7, 2.40 GHz","8 GB, DDR4 (2 khe), 3200 MHz",SSD 256GB NVMe PCIe,"14 inch, Full HD (1920 x 1080)",Intel® Iris® Xe Graphics,"2 x USB 3.2, HDMI, LAN (RJ45), USB Type-C",Windows 10 Home SL,"Vỏ kim loại, PIN liền","Dày 17.9 mm, 1.41 kg",2020,18.290.000₫
29,Laptop Acer Aspire A515 53 5112 i5 8265U/4GB+16GB/1TB/Win10 (NX.H6DSV.002),"Intel Core i5 Coffee Lake, 8265U, 1.60 GHz","4 GB, DDR4 (On board +1 khe), 2400 MHz","HDD: 1 TB SATA3, Intel Optane 16GB","15.6 inch, Full HD (1920 x 1080)",Intel® UHD Graphics 620,"2 x USB 3.0, HDMI, LAN (RJ45), USB Type-C",Windows 10 Home SL,"Vỏ nhựa - nắp lưng bằng kim loại, PIN liền","Dày 22.45 mm, 2.0 kg",2018,14.690.000₫
30,Laptop Dell Vostro 3590 i7 10510U/8GB/256GB/2GB 610R5/Win10 (GRMGK2),"Intel Core i7 Comet Lake, 10510U, 1.80 GHz","8 GB, DDR4 (On board +1 khe), 2666 MHz","SSD 256GB NVMe PCIe, Hỗ trợ khe cắm HDD SATA","15.6 inch, Full HD (1920 x 1080)",AMD Radeon 610R5 2GB,"2 x USB 3.1, HDMI, LAN (RJ45), USB 2.0, VGA (D-Sub)",Windows 10 Home SL,"Vỏ nhựa, PIN liền","Dày 19.8 mm, 1.99 kg",2019,20.490.000₫
31,Laptop HP 15s du2050TX i3 1005G1/4GB/256GB/2GB MX130/Win10 (1M8W2PA),"Intel Core i3 Ice Lake, 1005G1, 1.20 GHz","4 GB, DDR4 (2 khe), 2666 MHz","SSD 256GB NVMe PCIe, Hỗ trợ khe cắm HDD SATA","15.6 inch, Full HD (1920 x 1080)",NVIDIA Geforce MX130 2GB,"2 x USB 3.0, HDMI, USB Type-C",Windows 10 Home SL,"Vỏ nhựa, PIN liền","Dày 17.9 mm, 1.75 kg",2020,12.190.000₫
32,Laptop Asus VivoBook A415EA i3 1115G4/4GB/32GB+512GB/Win10 (EB353T),"Intel Core i3 Tiger Lake, 1115G4, 3.00 GHz","4 GB, DDR4 (On board), 3200 MHz","Intel Optane 32GB (H10), SSD 512 GB M.2 PCIe, Hỗ trợ khe cắm SSD M.2 PCIe","14 inch, Full HD (1920 x 1080)",Intel UHD Graphics,"2 x USB 2.0, USB 3.1, HDMI, USB Type-C",Windows 10 Home SL,"Vỏ kim loại, PIN liền","Dày 17.9 mm, 1.4 kg",2020,13.990.000₫
33,Laptop Asus VivoBook X409JA i3 1005G1/4GB/512GB/Win10 (EK015T),"Intel Core i3 Ice Lake, 1005G1, 1.20 GHz","4 GB, DDR4 (On board +1 khe), 2666 MHz","SSD 512 GB M.2 PCIe, Hỗ trợ khe cắm HDD SATA","14 inch, Full HD (1920 x 1080)",Intel UHD Graphics,"2 x USB 2.0, HDMI, USB 3.0, USB Type-C",Windows 10 Home SL,"Vỏ nhựa, PIN liền","Dày 22.9 mm, 1.5 kg",2019,11.390.000₫
34,Laptop HP Pavilion x360 14 dw0060TU i3 1005G1/4GB/256GB/Pen/Office H&S2019/Win10 (195M8PA),"Intel Core i3 Ice Lake, 1005G1, 1.20 GHz","4 GB, DDR4 (2 khe), 3200 MHz",SSD 256GB NVMe PCIe,"14 inch, Full HD (1920 x 1080)",Intel UHD Graphics,"2 x USB 3.1, HDMI, USB Type-C",Windows 10 Home SL + Office Home&Student 2019 vĩnh viễn,"Vỏ nhựa, PIN liền","Dày 19 m, 1.65 kg",2020,13.990.000₫
35,Laptop Lenovo IdeaPad S340 14IIL i5 1035G1/8GB/512GB/Win10 (81VV003SVN),"Intel Core i5 Ice Lake, 1035G1, 1.00 GHz","8 GB, DDR4 (On board 4GB +1 khe 4GB), 2666 MHz","SSD 512 GB M.2 PCIe, Hỗ trợ khe cắm HDD SATA","14 inch, Full HD (1920 x 1080)",Intel UHD Graphics,"2 x USB 3.1, HDMI, USB Type-C",Windows 10 Home SL,"Vỏ nhựa - nắp lưng bằng kim loại, PIN liền","Dày 17.9 mm, 1.6 kg",2019,14.390.000₫
36,Laptop HP 15s fq2045TU i7 1165G7/8GB/512GB/Win10 (31D93PA),"Intel Core i7 Tiger Lake, 1165G7, 2.80 GHz","8 GB, DDR4 (2 khe), 3200 MHz",SSD 512 GB M.2 PCIe,"15.6 inch, Full HD (1920 x 1080)",Intel® Iris® Xe Graphics,"2 x USB 3.1, HDMI, USB Type-C",Windows 10 Home SL,"Vỏ nhựa, PIN liền","Dày 18 mm, 1.592 kg",2020,18.090.000₫
37,Laptop Lenovo ThinkBook 15IIL i3 1005G1/4GB/512GB/Win10 (20SM00D9VN),"Intel Core i3 Ice Lake, 1005G1, 1.20 GHz","4 GB, DDR4 (1 khe), 2666 MHz","SSD 512 GB M.2 PCIe, Hỗ trợ khe cắm HDD SATA","15.6 inch, Full HD (1920 x 1080)",Intel UHD Graphics,"2 x USB 3.1, HDMI, LAN (RJ45), USB 2.0, 2 x USB Type-C",Windows 10 Home SL,"Vỏ kim loại, PIN liền","Dày 18.9 mm, 1.8 Kg",2020,11.690.000₫
38,Laptop HP 340s G7 i3 1005G1/4GB/512GB/Win10 (224L1PA),"Intel Core i3 Tiger Lake, 1005G1, 2.10 GHz","4 GB, DDR4 (2 khe), 2666 MHz",SSD 512 GB M.2 PCIe,"14 inch, Full HD (1920 x 1080)",Intel UHD Graphics,"2 x USB 3.1, HDMI, USB Type-C",Windows 10 Home SL,"Vỏ nhựa, PIN liền","Dày 17.9 mm, 1.346 kg",2020,12.490.000₫
39,Laptop Lenovo IdeaPad S340 14IIL i3 1005G1/8GB/512GB/Win10 (81VV003VVN),"Intel Core i3 Ice Lake, 1005G1, 1.20 GHz","8 GB, DDR4 (On board 4GB +1 khe 4GB), 2666 MHz","SSD 512 GB M.2 PCIe, Hỗ trợ khe cắm HDD SATA","14 inch, Full HD (1920 x 1080)",Intel UHD Graphics,"2 x USB 3.1, HDMI, USB Type-C",Windows 10 Home SL,"Vỏ nhựa - nắp lưng bằng kim loại, PIN liền","Dày 17.9 mm, 1.6 kg",2019,12.590.000₫
40,Laptop Dell Vostro 3491 i3 1005G1/4GB/256GB/Win10 (70223127),"Intel Core i3 Ice Lake, 1005G1, 1.20 GHz","4 GB, DDR4 (2 khe), 2666 MHz",SSD 256GB NVMe PCIe,"14 inch, Full HD (1920 x 1080)",Intel UHD Graphics,"2 x USB 3.1, HDMI, LAN (RJ45), USB 2.0",Windows 10 Home SL,"Vỏ nhựa, PIN liền","Dày 21 mm, 1.66 kg",2020,10.890.000₫
41,Laptop Dell Vostro 5581 i5 8265U/4GB/1TB/Office365/Win10 (70175950),"Intel Core i5 Coffee Lake, 8265U, 1.60 GHz","4 GB, DDR4 (2 khe), 2666 MHz","HDD: 1 TB SATA3, Hỗ trợ khe cắm SSD M.2 PCIe","15.6 inch, Full HD (1920 x 1080)",Intel® UHD Graphics 620,"2 x USB 3.1, HDMI, LAN (RJ45), USB 2.0, USB Type-C",Windows 10 + Office 365 1 năm,"Vỏ nhựa, PIN liền","Dày 20.3 mm, 1.9 kg",2018,15.790.000₫
42,Laptop Acer Aspire 3 A315 56 58EB i5 1035G1/8GB/512GB/Win10 (NX.HS5SV.00B),"Intel Core i5 Ice Lake, 1035G1, 1.00 GHz","8 GB, DDR4 (On board 4GB +1 khe 4GB), 2400 MHz","SSD 512 GB M.2 PCIe, Hỗ trợ khe cắm HDD SATA","15.6 inch, Full HD (1920 x 1080)",Intel UHD Graphics,"2 x USB 2.0, USB 3.1, HDMI, LAN (RJ45)",Windows 10 Home SL,"Vỏ nhựa, PIN liền","Dày 19.9 mm, 1.7 kg",2020,15.190.000₫
43,Laptop Lenovo IdeaPad Slim 3 15IIL05 i3 1005G1/4GB/512GB/Win10 (81WE003RVN),"Intel Core i3 Ice Lake, 1005G1, 1.20 GHz","4 GB, DDR4 (On board +1 khe), 2666 MHz","SSD 512 GB M.2 PCIe, Hỗ trợ khe cắm HDD SATA","15.6 inch, Full HD (1920 x 1080)",Intel UHD Graphics,"2 x USB 3.0, HDMI, USB 2.0",Windows 10 Home SL,"Vỏ nhựa, PIN liền","Dày 19.9 mm, 1.85 kg",2020,12.790.000₫
44,Laptop Asus VivoBook X509MA N5030/4GB/512GB/Win10 (EJ256T),"Intel Pentium, N5030, 1.10 GHz","4 GB, DDR4 (1 khe), 2666 MHz","SSD 512 GB M.2 PCIe, Hỗ trợ khe cắm HDD SATA","15.6 inch, Full HD (1920 x 1080)",Intel® UHD Graphics 605,"2 x USB 2.0, HDMI, USB 3.0, USB Type-C",Windows 10 Home SL,"Vỏ nhựa, PIN liền","Dày 22.9 mm, 1.9 kg",2020,8.790.000₫
45,Laptop Dell Inspiron 5593 i5 1035G1/8GB/256GB/2GB MX230/Win10 (N5I5513W),"Intel Core i5 Ice Lake, 1035G1, 1.00 GHz","8 GB, DDR4 (2 khe), 2666 MHz","SSD 256GB NVMe PCIe, Hỗ trợ khe cắm HDD SATA","15.6 inch, Full HD (1920 x 1080)",NVIDIA GeForce MX230 2GB,"2 x USB 3.1, HDMI, LAN (RJ45), USB 2.0, USB Type-C",Windows 10 Home SL,"Vỏ nhựa, PIN liền","Dày 19.90 mm, 2.05 kg",2019,17.790.000₫
46,Laptop Lenovo IdeaPad Slim 5 15ITL05 i5 1135G7/8GB/512GB/Win10 (82FG001PVN),"Intel Core i5 Tiger Lake, 1135G7, 2.40 GHz","8 GB, DDR4 (On board), 3200 MHz",SSD 512 GB M.2 PCIe,"15.6 inch, Full HD (1920 x 1080)",Intel® Iris® Xe Graphics,"USB Type-C (Power Delivery and DisplayPort), 2 x USB 3.2, HDMI",Windows 10 Home SL,"Vỏ nhựa - nắp lưng bằng kim loại, PIN liền","Dày 17.9 mm, 1.66 kg",2020,17.490.000₫
47,Laptop Lenovo ThinkBook 14IIL i5 1035G1/8GB/512GB/Win10 (20SL00MFVN),"Intel Core i5 Ice Lake, 1035G1, 1.00 GHz","8 GB, DDR4 (1 khe), 3200 MHz","SSD 512 GB M.2 PCIe, Hỗ trợ khe cắm HDD SATA","14 inch, Full HD (1920 x 1080)",Intel UHD Graphics,"USB Type-C (Power Delivery and DisplayPort), 2 x USB 3.1, HDMI, LAN (RJ45), USB 2.0, USB Type-C",Windows 10 Home SL,"Vỏ kim loại, PIN liền","Dày 17.9 mm, 1.5 kg",2020,16.190.000₫
48,Laptop Acer Aspire A315 56 308N i3 1005G1/4GB/256GB/Win10 (NX.HS5SV.00C),"Intel Core i3 Ice Lake, 1005G1, 1.20 GHz","4 GB, DDR4 (On board +1 khe), 2400 MHz","SSD 256GB NVMe PCIe, Hỗ trợ khe cắm HDD SATA","15.6 inch, Full HD (1920 x 1080)",Intel UHD Graphics,"2 x USB 2.0, USB 3.1, HDMI, LAN (RJ45)",Windows 10 Home SL,"Vỏ nhựa, PIN liền","Dày 19.9 mm, 1.7 kg",2020,11.790.000₫
49,Laptop Asus VivoBook A412FA i3 10110U/4GB/512GB/Win10 (EK1175T),"Intel Core i3 Comet Lake, 10110U, 2.10 GHz","4 GB, DDR4 (On board +1 khe), 2666 MHz","SSD 512 GB M.2 PCIe, Hỗ trợ khe cắm HDD SATA","14 inch, Full HD (1920 x 1080)",Intel UHD Graphics,"USB 3.1, HDMI, USB 2.0, USB Type-C",Windows 10 Home SL,"Vỏ nhựa, PIN liền","Dày 19.5 mm, 1.406 kg",2020,12.490.000₫
50,Laptop HP Pavilion 15 cs3010TU i3 1005G1/4GB/256GB/Win10 (8QN78PA),"Intel Core i3 Ice Lake, 1005G1, 1.20 GHz","4 GB, DDR4 (2 khe), 2666 MHz","SSD 256GB NVMe PCIe, Hỗ trợ khe cắm HDD SATA","15.6 inch, Full HD (1920 x 1080)",Intel UHD Graphics,"2 x USB 3.1, HDMI, LAN (RJ45), USB Type-C",Windows 10 Home SL,"Vỏ nhựa - nắp lưng bằng kim loại, PIN liền","Dày 17.9 mm, 1.69 kg",2019,13.390.000₫
51,Laptop Dell Vostro 3401 i3 1005G1/4GB/256GB+1TB/Win10 (70227392),"Intel Core i3 Ice Lake, 1005G1, 1.20 GHz","4 GB, DDR4 (2 khe), 2666 MHz","SSD 256GB NVMe PCIe, HDD: 1 TB","14 inch, Full HD (1920 x 1080)",Intel UHD Graphics,"2 x USB 3.2, HDMI, LAN (RJ45), USB 2.0",Windows 10 Home SL,"Vỏ nhựa, PIN liền","Dày 19.9 mm, 1.64 kg",2020,12.790.000₫
52,Laptop Asus Gaming Rog Strix G512 i5 10300H/8GB/512GB/144Hz/4GB GTX1650Ti/Win10 (IAL013T),"Intel Core i5 Comet Lake, 10300H, 2.50 GHz","8 GB, DDR4 (2 khe), 2933 MHz","Hỗ trợ thêm 2 khe cắm SSD M.2 PCIe, SSD 512 GB M.2 PCIe","15.6 inch, Full HD (1920 x 1080), 144Hz",NVIDIA GeForce GTX 1650Ti 4GB,"3 x USB 3.2, HDMI, LAN (RJ45), USB Type-C",Windows 10 Home SL,"Vỏ nhựa, PIN liền","Dày 25.8 mm, 2.3 kg",2020,23.990.000₫
53,Laptop Asus VivoBook A412FA i3 10110U/4GB/32GB+512GB/Win10 (EK1179T),"Intel Core i3 Comet Lake, 10110U, 2.10 GHz","4 GB, DDR4 (On board +1 khe), 2666 MHz","Intel Optane 32GB (H10), SSD 512 GB M.2 PCIe, Hỗ trợ khe cắm HDD SATA","14 inch, Full HD (1920 x 1080)",Intel UHD Graphics,"USB 3.1, HDMI, USB 2.0, USB Type-C",Windows 10 Home SL,"Vỏ nhựa, PIN liền","Dày 19.5 mm, 1.406 kg",2020,12.890.000₫
54,Laptop HP Envy 13 ba1027TU i5 1135G7/8GB/256GB/Office H&S2019/Win10 (2K0B1PA),"Intel Core i5 Tiger Lake, 1135G7, 2.40 GHz","8 GB, DDR4 (On board), 2933 MHz",SSD 256GB NVMe PCIe,"13.3 inch, Full HD (1920 x 1080)",Intel® Iris® Xe Graphics,"Thunderbolt 3, 2 x USB 3.1",Windows 10 Home SL + Office Home&Student 2019 vĩnh viễn,"Vỏ kim loại nguyên khối, PIN liền","Dày 16.9 mm, 1.236 kg",2020,22.590.000₫
55,Laptop Dell Inspiron 5593 i5 1035G1/8GB/512GB/Win10 (7WGNV1),"Intel Core i5 Ice Lake, 1035G1, 1.00 GHz","8 GB, DDR4 (On board +1 khe), 2666 MHz",SSD 512 GB M.2 PCIe,"15.6 inch, Full HD (1920 x 1080)",Intel UHD Graphics,"2 x USB 3.1, HDMI, LAN (RJ45), USB 2.0",Windows 10 Home SL,"Vỏ nhựa, PIN liền","Dày 19.9 mm, 1.83 kg",2019,17.790.000₫
56,Laptop Asus VivoBook X509JA i7 1065G7/8GB/512GB/Office H&S2019/Win10 (EJ232TS),"Intel Core i7 Ice Lake, 1065G7, 1.30 GHz","8 GB, DDR4 (On board 4GB +1 khe 4GB), 2666 MHz","SSD 512 GB M.2 PCIe, Hỗ trợ khe cắm HDD SATA","15.6 inch, Full HD (1920 x 1080)",Intel Iris Plus Graphics,"2 x USB 2.0, HDMI, USB 3.0, USB Type-C",Windows 10 Home SL + Office Home&Student 2019 vĩnh viễn,"Vỏ nhựa, PIN liền","Dày 22.9 mm, 1.8 kg",2019,18.690.000₫
57,Laptop Dell Vostro 5581 i5 8265U/4GB/1TB/2GB MX130/Win10 (VRF6J1),"Intel Core i5 Coffee Lake, 8265U, 1.60 GHz","4 GB, DDR4 (2 khe), 2666 MHz","HDD: 1 TB SATA3, Hỗ trợ khe cắm SSD M.2 PCIe","15.6 inch, Full HD (1920 x 1080)",NVIDIA Geforce MX130 2GB,"2 x USB 3.0, HDMI, LAN (RJ45), USB 2.0, USB Type-C",Windows 10 Home SL,"Vỏ nhựa, PIN liền","Dày 18.87 mm, 1.91 kg",2018,17.290.000₫
58,Laptop Asus ZenBook UX425EA i5 1135G7/8GB/512GB/Cáp/Túi/Win10 (BM069T),"Intel Core i5 Tiger Lake, 1135G7, 2.40 GHz","8 GB, LPDDR4X (On board), 4266 MHz",SSD 512 GB M.2 PCIe,"14 inch, Full HD (1920 x 1080)",Intel® Iris® Xe Graphics,"1 x USB 3.2, 2 x Thunderbolt™ 4 USB-C, HDMI",Windows 10 Home SL,"Vỏ kim loại nguyên khối, PIN liền","Dày 13.9 mm, 1.17 kg",2020,22.490.000₫
59,Laptop Acer Nitro 5 AN515 55 5206 i5/10300H/8GB/512GB/144Hz/4GB GTX1650Ti/Win10 (NH.Q7NSV.007),"Intel Core i5 Comet Lake, 10300H, 2.50 GHz","8 GB, DDR4 (2 khe), 2933 MHz","SSD 512 GB M.2 PCIe, Hỗ trợ khe cắm SSD M.2 PCIe, Hỗ trợ khe cắm HDD SATA","15.6 inch, Full HD (1920 x 1080), 144Hz",NVIDIA GeForce GTX 1650Ti 4GB,"3 x USB 3.2, HDMI, LAN (RJ45), USB Type-C",Windows 10 Home SL,"Vỏ nhựa, PIN liền","Dày 23.9 mm, 2.3 kg",2020,23.690.000₫
60,Laptop Apple MacBook Pro M1 2020 8GB/256GB (MYD82SA/A),Apple M1,8 GB,SSD: 256 GB,"13.3 inch, Retina (2560 x 1600)",8 nhân GPU,2 x Thunderbolt 3 (USB-C),Mac OS,"Vỏ kim loại nguyên khối, PIN liền","Dày 15.6 mm, 1.4 kg",2020,34.990.000₫
61,Laptop Dell Vostro 5402 i7 1165G7/16GB/512GB/2GB MX330/Touch/Win10 (70231338),"Intel Core i7 Tiger Lake, 1165G7, 2.80 GHz","16 GB, DDR4 (2 khe), 3200 MHz","SSD 512 GB M.2 PCIe, Hỗ trợ khe cắm SSD M.2 PCIe","14 inch, Full HD (1920 x 1080)",NVIDIA GeForce MX330 2GB,"2 x USB 3.2, HDMI, LAN (RJ45), USB Type-C",Windows 10 Home SL,"Vỏ nhựa - nắp lưng bằng kim loại, PIN liền","Dày 16.74 mm, 1.36 kg",2020,25.090.000₫
62,Laptop Apple MacBook Pro M1 2020 8GB/512GB (MYD92SA/A),Apple M1,8 GB,SSD 512GB,"13.3 inch, Retina (2560 x 1600)",8 nhân GPU,2 x Thunderbolt 3 (USB-C),Mac OS,"Vỏ kim loại nguyên khối, PIN liền","Dày 15.6 mm, 1.4 kg",2020,39.990.000₫
63,Laptop Asus VivoBook X509M N5000/4GB/512GB/Win10 (EJ255T),"Intel Pentium, N5000, 1.10 GHz","4 GB, DDR4 (1 khe), 2666 MHz","SSD 512 GB M.2 PCIe, Hỗ trợ khe cắm HDD SATA","15.6 inch, Full HD (1920 x 1080)",Intel® UHD Graphics 605,"2 x USB 2.0, HDMI, USB Type-C, USB 3.0",Windows 10 Home SL,"Vỏ nhựa, PIN liền","Dày 22.9 mm, 1.8 kg",2020,8.790.000₫
64,Laptop Acer Aspire 3 A315 56 36YS i3 1005G1/8GB/512GB/Win10 (NX.HS5SV.008),"Intel Core i3 Ice Lake, 1005G1, 1.20 GHz","8 GB, DDR4 (On board 4GB +1 khe 4GB), 2400 MHz","SSD 512 GB M.2 PCIe, Hỗ trợ khe cắm HDD SATA","15.6 inch, Full HD (1920 x 1080)",Intel UHD Graphics,"2 x USB 2.0, USB 3.1, HDMI, LAN (RJ45)",Windows 10 Home SL,"Vỏ nhựa, PIN liền","Dày 19.9 mm, 1.7 kg",2020,13.790.000₫
65,Laptop Asus VivoBook A412FA i5 10210U/8GB/512GB/Win10 (EK738T),"Intel Core i5 Comet Lake, 10210U, 1.60 GHz","8 GB, DDR4 (On board 4GB +1 khe 4GB), 2666 MHz","SSD 512 GB M.2 PCIe, Hỗ trợ khe cắm HDD SATA","14 inch, Full HD (1920 x 1080)",Intel UHD Graphics,"USB 3.1, HDMI, USB 2.0, USB Type-C",Windows 10 Home SL,"Vỏ nhựa, PIN liền","Dày 19.5 mm, 1.406 kg",2019,15.890.000₫
66,Laptop Lenovo IdeaPad Slim 5 14IIL05 i5 1035G1/8GB/512GB/Win10 (81YH0050VN),"Intel Core i5 Ice Lake, 1035G1, 1.00 GHz","8 GB, DDR4 (On board), 3200 MHz","SSD 512 GB M.2 PCIe, Không hỗ trợ khe cắm HDD","14 inch, Full HD (1920 x 1080)",Intel UHD Graphics,"USB Type-C (Power Delivery and DisplayPort), 2 x USB 3.0, HDMI",Windows 10 Home SL,"Vỏ nhựa - nắp lưng bằng kim loại, PIN liền","Dày 17.9 mm, 1.52 Kg",2020,16.690.000₫
67,Laptop HP Envy 13 ba1028TU i5 1135G7/8GB/512GB/Office H&S2019/Win10 (2K0B2PA),"Intel Core i5 Tiger Lake, 1135G7, 2.40 GHz","8 GB, DDR4 (On board), 2933 MHz",SSD 512 GB M.2 PCIe,"13.3 inch, Full HD (1920 x 1080)",Intel® Iris® Xe Graphics,"2x SuperSpeed USB A, Thunderbolt 3",Windows 10 Home SL + Office Home&Student 2019 vĩnh viễn,"Vỏ kim loại nguyên khối, PIN liền","Dày 16.9 mm, 1.236 kg",2020,23.290.000₫
68,Laptop Acer Swift 3 SF315 52 38YQ i3 8130U/4GB/1TB/Win10 (NX.GZBSV.003),"Intel Core i3 Coffee Lake, 8130U, 2.20 GHz","4 GB, DDR4 (2 khe), 2400 MHz","HDD: 1 TB SATA3, Hỗ trợ khe cắm SSD M.2 PCIe","15.6 inch, Full HD (1920 x 1080)",Intel® UHD Graphics 620,"2 x USB 3.0, HDMI, USB 2.0, USB Type-C",Windows 10 Home SL,"Vỏ kim loại, PIN liền","Dày 16.9 mm, 1.7 kg",2018,13.290.000₫
69,Laptop Apple MacBook Air M1 2020 8GB/256GB (MGND3SA/A),Apple M1,8 GB,SSD: 256 GB,"13.3 inch, Retina (2560 x 1600)",7 nhân GPU,2 x Thunderbolt 3 (USB-C),Mac OS,"Vỏ kim loại nguyên khối, PIN liền","Dày 4.1 mm đến 16.1 mm, 1.29 kg",2020,28.990.000₫
70,Laptop Huawei MateBook D 15 R5 3500U 8GB/256GB+1TB/Win10 (Boh-WAQ9R),"AMD Ryzen 5, 3500U, 2.10 GHz","8 GB, DDR4 (On board), 2400 MHz","SSD 256GB NVMe PCIe, HDD: 1 TB SATA3","15.6 inch, Full HD (1920 x 1080)",AMD Radeon Vega 8 Graphics,"2 x USB 2.0, HDMI, USB 3.0, USB Type-C",Windows 10 Home SL,"Vỏ kim loại, PIN liền","Dày 16.9 mm, 1.62 kg",2020,15.790.000₫
71,Laptop Acer Aspire A514 53G 513J i5 1035G1/8GB/512GB/2GB MX350/Win10 (NX.HYWSV.001),"Intel Core i5 Ice Lake, 1035G1, 1.00 GHz","8 GB, DDR4 (On board +1 khe), 2666 MHz","SSD 512 GB M.2 PCIe, Hỗ trợ khe cắm HDD SATA","14 inch, Full HD (1920 x 1080)",NVIDIA® GeForce® MX350 2GB,"2 x USB 3.1, HDMI, LAN (RJ45), USB 2.0, USB Type-C",Windows 10 Home SL,"Vỏ nhựa - nắp lưng bằng kim loại, PIN liền","Dày 17.95 mm, 1.5kg",2020,18.190.000₫
72,Laptop Acer Aspire A515 55 55HG i5 1035G1/8GB/512GB/Win10 (NX.HSMSV.004),"Intel Core i5 Ice Lake, 1035G1, 1.00 GHz","8 GB, DDR4 (On board 4GB +1 khe 4GB), 2400 MHz","SSD 512 GB M.2 PCIe, Hỗ trợ khe cắm HDD SATA","15.6 inch, Full HD (1920 x 1080)",Intel UHD Graphics,"2 x USB 3.1, HDMI, LAN (RJ45), USB 2.0, USB Type-C",Windows 10 Home SL,"Vỏ nhựa - nắp lưng bằng kim loại, PIN liền","Dày 17.95 mm, 1.7kg",2019,16.890.000₫
73,Laptop Lenovo Gaming 15IMH05 i7 10750H/8GB/512GB/4GB GTX1650/Win10 (81Y40068VN),"Intel Core i7 Comet Lake, 10750H, 2.60 GHz","8 GB, DDR4 (2 khe), 2933 MHz","SSD 512 GB M.2 PCIe, Hỗ trợ khe cắm SSD M.2 PCIe, Hỗ trợ khe cắm HDD SATA","15.6 inch, Full HD (1920 x 1080)",NVIDIA GeForce GTX 1650 4GB,"2 x USB 3.1, HDMI, LAN (RJ45), USB Type-C",Windows 10 Home SL,"Vỏ nhựa, PIN liền","Dày 23 mm, 2.2 Kg",2020,23.490.000₫
74,Laptop Lenovo IdeaPad Slim 3 14IIL05 i7 1065G7/8GB/512GB/Win10 (81WD0040VN),"Intel Core i7 Ice Lake, 1065G7, 1.30 GHz","8 GB, DDR4 (On board 4GB +1 khe 4GB), 2666 MHz","SSD 512 GB M.2 PCIe, Hỗ trợ khe cắm HDD SATA","14 inch, Full HD (1920 x 1080)",Intel Iris Plus Graphics,"2 x USB 3.0, HDMI, USB 2.0",Windows 10 Home SL,"Vỏ nhựa, PIN liền","Dày 19.9 mm, 1.6 kg",2020,18.290.000₫
75,Laptop Asus Gaming Rog Strix G512 i7 10750H/8GB/512GB/144Hz/4GB GTX1650Ti/Win10 (IAL001T),"Intel Core i7 Comet Lake, 10750H, 2.60 GHz","8 GB, DDR4 (2 khe), 2933 MHz","Hỗ trợ thêm 2 khe cắm SSD M.2 PCIe, SSD 512 GB M.2 PCIe","15.6 inch, Full HD (1920 x 1080), 144Hz",NVIDIA GeForce GTX 1650Ti 4GB,"3 x USB 3.2, HDMI, LAN (RJ45), USB Type-C",Windows 10 Home SL,"Vỏ nhựa, PIN liền","Dày 25.8 mm, 2.3 Kg",2020,28.490.000₫
76,Laptop Asus VivoBook A412F i5 10210U/8GB/32GB+512GB/Win10 (EK739T),"Intel Core i5 Comet Lake, 10210U, 1.60 GHz","8 GB, DDR4 (On board 4GB +1 khe 4GB), 2666 MHz","Intel Optane 32GB (H10), SSD 512 GB M.2 PCIe, Hỗ trợ khe cắm HDD SATA","14 inch, Full HD (1920 x 1080)",Intel UHD Graphics,"USB 3.1, HDMI, USB 2.0, USB Type-C",Windows 10 Home SL,"Vỏ nhựa, PIN liền","Dày 19.5 mm, 1.406 kg",2019,16.190.000₫
77,Laptop Lenovo ThinkBook 14IML i3 10110U/4GB/256GB/Win10 (20RV00B7VN),"Intel Core i3 Comet Lake, 10110U, 2.10 GHz","4 GB, DDR4 (On board +1 khe), 2666 MHz","SSD 256GB NVMe PCIe, Hỗ trợ khe cắm HDD SATA","14 inch, Full HD (1920 x 1080)",Intel UHD Graphics,"2 x USB 3.1, HDMI, LAN (RJ45), USB 2.0, 2 x USB Type-C",Windows 10 Home SL,"Vỏ kim loại, PIN liền","Rộng 17.9 mm, 1.5 kg",2020,11.240.000₫
78,Laptop Acer Swift 3 SF314 54 51QL i5 8250U/4GB/1TB/Win10 (NX.GXZSV.001),"Intel Core i5 Kabylake Refresh, 8250U, 1.60 GHz","4 GB, DDR4 (On board +1 khe), 2400 MHz","HDD: 1 TB, Hỗ trợ khe cắm SSD M.2 PCIe, Hỗ trợ bộ nhớ Intel® Optane™","14 inch, Full HD (1920 x 1080)",Intel® HD Graphics 620,"2 x USB 3.0, HDMI, USB 2.0, USB Type-C",Windows 10 Home SL,"Vỏ kim loại, PIN liền","Dày 18.7 mm, 1.5 Kg",2018,15.990.000₫
79,Laptop Lenovo IdeaPad Flex 5 14IIL i5 1035G1/8GB/512GB/Touch/Win10 (81X1001UVN),"Intel Core i5 Ice Lake, 1035G1, 1.00 GHz","8 GB, DDR4 (On board), 3200 MHz","SSD 512 GB M.2 PCIe, Không hỗ trợ khe cắm HDD","14 inch, Full HD (1920 x 1080)",Intel UHD Graphics,"2 x USB 3.0, HDMI, USB Type-C",Windows 10 Home SL,"Vỏ nhựa - nắp lưng bằng kim loại, PIN liền","Dày 20.4 mm, 1.5 kg",2020,18.690.000₫
80,Laptop Dell Inspiron 5406 i5 1135G7/8GB/512GB/Touch/Win10 (70232602),"Intel Core i5 Tiger Lake, 1135G7, 2.40 GHz","8 GB, DDR4 (2 khe), 3200 MHz",SSD 512 GB M.2 PCIe,"14 inch, Full HD (1920 x 1080)",Intel® Iris® Xe Graphics,"2 x USB 3.2, HDMI, USB Type-C",Windows 10 Home SL,"Vỏ nhựa - nắp lưng bằng kim loại, PIN liền","Dày 18.94 mm, 1.72 kg",2020,21.490.000₫
81,Laptop Asus VivoBook S530FN i5 8265U/4GB/1TB/2GB MX150/Win10 (BQ128T),"Intel Core i5 Coffee Lake, 8265U, 1.60 GHz","4 GB, DDR4 (2 khe), 2400 MHz","HDD: 1 TB SATA3, Hỗ trợ khe cắm SSD M.2 PCIe","15.6 inch, Full HD (1920 x 1080)",NVIDIA Geforce MX150 2GB,"2 x USB 2.0, USB 3.1, HDMI, USB Type-C",Windows 10 Home SL,"Vỏ nhựa - nắp lưng bằng kim loại, PIN liền","Dày 18 mm, 1.76 kg",2018,14.470.000₫
82,Laptop Lenovo IdeaPad Slim 5 15IIL05 i3 1005G1/8GB/512GB/Win10 (81YK004TVN),"Intel Core i3 Ice Lake, 1005G1, 1.20 GHz","8 GB, DDR4 (On board), 3200 MHz","SSD 512 GB M.2 PCIe, Hỗ trợ khe cắm HDD SATA","15.6 inch, Full HD (1920 x 1080)",Intel UHD Graphics,"USB Type-C (Power Delivery and DisplayPort), 2 x USB 3.0, HDMI",Windows 10 Home SL,"Vỏ nhựa - nắp lưng bằng kim loại, PIN liền","Dày 17.9 mm, 1.7 Kg",2020,14.790.000₫
83,Laptop Acer Aspire A514 53 5921 i5 1035G1/8GB/512GB/Win10 (NX.HUPSV.001),"Intel Core i5 Ice Lake, 1035G1, 1.00 GHz","8 GB, DDR4 (On board 4GB +1 khe 4GB), 2666 MHz","SSD 512 GB M.2 PCIe, Hỗ trợ khe cắm HDD SATA","14 inch, Full HD (1920 x 1080)",Intel UHD Graphics,"2 x USB 3.1, HDMI, LAN (RJ45), USB 2.0, USB Type-C",Windows 10 Home SL,"Vỏ nhựa - nắp lưng bằng kim loại, PIN liền","Dày 17.95 mm, 1.5kg",2020,16.690.000₫
84,Laptop Lenovo IdeaPad Slim 3 15IIL05 i5 1035G4/8GB/512GB/Win10 (81WE003QVN),"Intel Core i5 Ice Lake, 1035G4, 1.10 GHz","8 GB, DDR4 (On board 4GB +1 khe 4GB), 2666 MHz","SSD 512 GB M.2 PCIe, Hỗ trợ khe cắm HDD SATA","15.6 inch, Full HD (1920 x 1080)",Intel Iris Plus Graphics,"2 x USB 3.0, HDMI, USB 2.0",Windows 10 Home SL,"Vỏ nhựa, PIN liền","Dày 19.9 mm, 1.85 Kg",2020,15.490.000₫
85,Laptop Acer Aspire A315 56 34AY i3 1005G1/4GB/512GB/Win10 (NX.HS5SV.007),"Intel Core i3 Ice Lake, 1005G1, 1.20 GHz","4 GB, DDR4 (On board +1 khe), 2400 MHz","SSD 512 GB M.2 PCIe, Hỗ trợ khe cắm HDD SATA","15.6 inch, Full HD (1920 x 1080)",Intel UHD Graphics,"2 x USB 2.0, USB 3.1, HDMI, LAN (RJ45)",Windows 10 Home SL,"Vỏ nhựa, PIN liền","Dày 19.9 mm, 1.7 kg",2020,12.790.000₫
86,Laptop Apple MacBook Air M1 2020 8GB/256GB (MGN93SA/A),Apple M1,8 GB,SSD: 256 GB,"13.3 inch, Retina (2560 x 1600)",7 nhân GPU,2 x Thunderbolt 3 (USB-C),Mac OS,"Vỏ kim loại nguyên khối, PIN liền","Dày 4.1 mm đến 16.1 mm, 1.29 kg",2020,28.990.000₫
87,Laptop Acer Swift 3 SF315 51 54H0 i5 8250U/4GB/1TB/Win10 (NX.GSKSV.004),"Intel Core i5 Coffee Lake, 8250U, 1.60 GHz","4 GB, DDR4 (On board), 2400 MHz","HDD: 1 TB SATA3, Hỗ trợ khe cắm SSD M.2 PCIe","15.6 inch, Full HD (1920 x 1080)",Intel® UHD Graphics 620,"2 x USB 3.0, HDMI, USB 2.0, USB Type-C",Windows 10 Home SL,"Vỏ kim loại, PIN liền","Dày 18.9 mm, 1.7 kg",2019,16.690.000₫
88,Laptop Asus VivoBook A512FL i5 10210U/8GB/512GB/2GB MX250/Win10 (EJ569T),"Intel Core i5 Comet Lake, 10210U, 1.60 GHz","8 GB, DDR4 (On board 4GB +1 khe 4GB), 2666 MHz","SSD 512 GB M.2 PCIe, Hỗ trợ khe cắm HDD SATA","15.6 inch, Full HD (1920 x 1080)",NVIDIA GeForce MX250 2GB,"2 x USB 2.0, USB 3.1, HDMI, USB Type-C",Windows 10 Home SL,"Vỏ nhựa, PIN liền","Dày 19.9 mm, 1.67 kg",2019,17.790.000₫
89,Laptop HP 15s du0042TX i3 7020U/4GB/1TB/2GB MX110/Win10 (6ZF75PA),"Intel Core i3 Kabylake, 7020U, 2.30 GHz","4 GB, DDR4 (2 khe), 2133 MHz","HDD: 1 TB SATA3, Hỗ trợ khe cắm SSD M.2 PCIe","15.6 inch, Full HD (1920 x 1080)",NVIDIA GeForce MX110 2GB,"HDMI 1.4, 2 x USB 3.0, LAN (RJ45), USB Type-C",Windows 10 Home SL,"Vỏ nhựa, PIN liền","Dày 19.9 mm, 1.74 kg",2019,12.190.000₫
90,Laptop HP Envy 13 ba0047TU i7 1065G7/8GB/512GB/Office H&S2019/Win10 (171M8PA),"Intel Core i7 Ice Lake, 1065G7, 1.30 GHz","8 GB, DDR4 (On board), 3200 MHz",SSD 512 GB M.2 PCIe,"13.3 inch, Full HD (1920 x 1080)",Intel Iris Plus Graphics,"Thunderbolt 3, 2 x USB 3.1",Windows 10 Home SL + Office Home&Student 2019 vĩnh viễn,"Vỏ kim loại nguyên khối, PIN liền","Dày 16.9 mm, 1.25 kg",2020,27.490.000₫
91,Laptop Dell Inspiron 5502 i5 1135G7/8GB/512GB/2GB MX330/Win10 (N5I5310W),"Intel Core i5 Tiger Lake, 1135G7, 2.40 GHz","8 GB, DDR4 (2 khe), 3200 MHz",SSD 512 GB M.2 PCIe,"15.6 inch, Full HD (1920 x 1080)",NVIDIA GeForce MX330 2GB,"USB Type-C (Power Delivery and DisplayPort), 2 x USB 3.2, HDMI",Windows 10 Home SL,PIN liền,"Dày 17.9 mm, 1.65 kg",2020,21.190.000₫
92,Laptop MSI Gaming Leopard 10SDK GL65 i7 10750H/16GB/512GB/144Hz/6GB GTX1660Ti/Win10 (242VN),"Intel Core i7 Comet Lake, 10750H, 2.60 GHz","16 GB, DDR4 (2 khe), 2666 MHz","SSD 512 GB M.2 PCIe, Hỗ trợ khe cắm HDD SATA","15.6 inch, Full HD (1920 x 1080), 144Hz",NVIDIA GeForce GTX 1660Ti 6GB,"3 x USB 3.2, HDMI, LAN (RJ45), USB Type-C",Windows 10 Home SL,"Vỏ nhựa, PIN liền","Dày 21.7 mm, 2.3 kg",2020,32.990.000₫
93,Laptop HP Envy 13 ba1030TU i7 1165G7/8GB/512GB/Office H&S2019/Win10 (2K0B6PA),"Intel Core i7 Tiger Lake, 1165G7, 2.80 GHz","8 GB, DDR4 (On board), 2933 MHz",SSD 512 GB M.2 PCIe,"13.3 inch, Full HD (1920 x 1080)",Intel® Iris® Xe Graphics,"Thunderbolt 3, 2 x USB 3.1",Windows 10 Home SL + Office Home&Student 2019 vĩnh viễn,"Vỏ kim loại nguyên khối, PIN liền","Dày 16.9 mm, 1.236 kg",2020,28.190.000₫
94,Laptop Huawei MateBook D 15 R5 3500U/8GB/512GB/Win10 (BohrK-WAQ9CR),"AMD Ryzen 5, 3500U, 2.10 GHz","8 GB, DDR4 (On board), 2400 MHz",SSD 512 GB M.2 PCIe,"15.6 inch, Full HD (1920 x 1080)",AMD Radeon Vega 8 Graphics,"2 x USB 2.0, HDMI, USB Type-C, USB 3.0",Windows 10 Home SL,"Vỏ kim loại, PIN liền","Dày 16.9 mm, 1.62 kg",2020,16.290.000₫
95,Laptop Acer Aspire 5 A514 54 33WY i3 1115G4/4GB/256GB/Win10 (NX.A23SV.00J),"Intel Core i3 Tiger Lake, 1115G4, 3.00 GHz","4 GB, DDR4 (On board +1 khe), 2666 MHz","SSD 256GB NVMe PCIe, Hỗ trợ khe cắm HDD SATA","14 inch, Full HD (1920 x 1080)",Intel UHD Graphics,"3 x USB 3.2, HDMI, LAN (RJ45), USB Type-C",Windows 10 Home SL,"Vỏ nhựa - nắp lưng bằng kim loại, PIN liền","Dày 17.95 mm, 1.46 kg",2020,13.390.000₫
96,Laptop HP Pavilion 14 ce2035tu i3 8145U/4GB/1TB/Win10 (6YZ18PA),"Intel Core i3 Coffee Lake, 8145U, 2.10 GHz","4 GB, DDR4 (1 khe), 2666 MHz","HDD: 1 TB SATA3, Hỗ trợ khe cắm SSD M.2 PCIe","14 inch, Full HD (1920 x 1080)",Intel® UHD Graphics 620,"2 x USB 3.0, HDMI, LAN (RJ45), USB Type-C",Windows 10 Home SL,"Vỏ kim loại, PIN liền","Dày 17.9 mm, 1.6 kg",2019,12.790.000₫
97,Laptop Apple MacBook Air M1 2020 8GB/512GB (MGNE3SA/A),Apple M1,8 GB,SSD 512GB,"13.3 inch, Retina (2560 x 1600)",8 nhân GPU,2 x Thunderbolt 3 (USB-C),Mac OS,"Vỏ kim loại nguyên khối, PIN liền","Dày 4.1 mm đến 16.1 mm, 1.29 kg",2020,34.990.000₫
98,Laptop Asus VivoBook Flip TM420IA R3 4300U/4GB/256GB/Touch/Pen/Win10 (EC155T),"AMD Ryzen 3, 4300U, 2.70 GHz","4 GB, DDR4 (On board +1 khe), 3200 MHz",SSD 256GB NVMe PCIe,"14 inch, Full HD (1920 x 1080)",AMD Radeon™ Graphics,"1 x USB 3.2, HDMI, USB 2.0, USB Type-C",Windows 10 Home SL,"Vỏ nhựa - nắp lưng bằng kim loại, PIN liền","Dày 18.2 mm, 1.5 kg",2020,13.290.000₫
99,Laptop Apple MacBook Air M1 2020 8GB/256GB (MGN63SA/A),Apple M1,8 GB,SSD: 256 GB,"13.3 inch, Retina (2560 x 1600)",7 nhân GPU,2 x Thunderbolt 3 (USB-C),Mac OS,"Vỏ kim loại nguyên khối, PIN liền","Dày 4.1 mm đến 16.1 mm, 1.29 kg",2020,28.990.000₫
100,Laptop Asus VivoBook A512FA i5 10210U/8GB/512GB/Chuột/Win10 (EJ1734T),"Intel Core i5 Comet Lake, 10210U, 1.60 GHz","8 GB, DDR4 (On board 4GB +1 khe 4GB), 2666 MHz","SSD 512 GB M.2 PCIe, Hỗ trợ khe cắm HDD SATA","15.6 inch, Full HD (1920 x 1080)",Intel UHD Graphics,"2 x USB 2.0, USB 3.1, HDMI, USB Type-C",Windows 10 Home SL,"Vỏ nhựa, PIN liền","Dày 19.9 mm, 1.65 kg",2019,16.690.000₫
101,Laptop Asus VivoBook S430FA i5 8265U/4GB/1TB/Win10 (EB075T),"Intel Core i5 Coffee Lake, 8265U, 1.60 GHz","4 GB, DDR4 (On board +1 khe), 2400 MHz","HDD: 1 TB SATA3, Hỗ trợ khe cắm SSD M.2 SATA3","14 inch, Full HD (1920 x 1080)",Intel® HD Graphics 620,"2 x USB 2.0, USB 3.1, HDMI, USB Type-C",Windows 10 Home SL,"Vỏ nhựa - nắp lưng bằng kim loại, PIN liền","Dày 18 mm, 1.4 kg",2018,13.110.000₫
102,Laptop HP Envy 13 aq1057TX i7 10510U/8GB/512GB/2GB MX250/Win10 (8XS68PA),"Intel Core i7 Comet Lake, 10510U, 1.80 GHz","8 GB, DDR4 (On board), 2400 MHz",SSD 512 GB M.2 PCIe,"13.3 inch, Full HD (1920 x 1080)",NVIDIA GeForce MX250 2GB,"2 x USB 3.1, USB Type-C",Windows 10 Home SL,"Vỏ kim loại nguyên khối, PIN liền","Dày 14.7 mm, 1.17 kg",2019,29.490.000₫
103,Laptop Lenovo Yoga Slim 7 14IIL05 i5 1035G4/8GB/512GB/Win10 (82A1007UVN),"Intel Core i5 Ice Lake, 1035G4, 1.10 GHz","8 GB, DDR4 (On board), 3200 MHz",SSD 512 GB M.2 PCIe,"14 inch, Full HD (1920 x 1080)",Intel Iris Plus Graphics,"2 x USB 3.2, HDMI, USB Type-C",Windows 10 Home SL,"Vỏ kim loại, PIN liền","Dày 15.1 mm, 1.55 kg",2020,22.190.000₫
104,Laptop Asus VivoBook S530FA i3 8145U/4GB/1TB/Win10 (BQ185T),"Intel Core i3 Coffee Lake, 8145U, 2.10 GHz","4 GB, DDR4 (2 khe), 2400 MHz","HDD: 1 TB SATA3, Hỗ trợ khe cắm SSD M.2 PCIe","15.6 inch, Full HD (1920 x 1080)",Intel® UHD Graphics 620,"2 x USB 2.0, USB 3.1, HDMI, USB Type-C",Windows 10 Home SL,"Vỏ kim loại, PIN liền","Dày 18 mm, 1.8 kg",2018,11.350.000₫
105,Laptop Lenovo IdeaPad Flex 5 14IIL05 i3 1005G1/8GB/512GB/Win10 (81X1001TVN),"Intel Core i3 Ice Lake, 1005G1, 1.20 GHz","8 GB, DDR4 (On board), 3200 MHz","SSD 512 GB M.2 PCIe, Không hỗ trợ khe cắm HDD","14 inch, Full HD (1920 x 1080)",Intel UHD Graphics,"2 x USB 3.0, HDMI, USB Type-C",Windows 10 Home SL,"Vỏ nhựa - nắp lưng bằng kim loại, PIN liền","Dày 20.4 mm, 1.5 kg",2020,16.290.000₫
106,Laptop Lenovo ThinkBook 14IIL i7 1065G7/8GB/512GB/Win10 (20SL00MEVN),"Intel Core i7 Ice Lake, 1065G7, 1.30 GHz","8 GB, DDR4 (1 khe), 3200 MHz","SSD 512 GB M.2 PCIe, Hỗ trợ khe cắm HDD SATA","14 inch, Full HD (1920 x 1080)",Intel Iris Plus Graphics,"USB 3.1, HDMI, LAN (RJ45), USB 2.0, 2 x USB Type-C",Windows 10 Home SL,"Vỏ kim loại, PIN liền","Dày 17.9 mm, 1.5 Kg",2020,22.290.000₫
107,Laptop Lenovo IdeaPad C340 14IML i3 10110U/8GB/512GB/Touch/Win10 (81TK007PVN),"Intel Core i3 Comet Lake, 10110U, 2.10 GHz","8 GB, DDR4 (On board 4GB +1 khe 4GB), 2666 MHz","SSD 512 GB M.2 PCIe, Không hỗ trợ khe cắm HDD","14 inch, Full HD (1920 x 1080)",Intel UHD Graphics,"2 x USB 3.1, HDMI, USB Type-C",Windows 10 Home SL,"Vỏ nhựa, PIN liền","Dày 17.9 mm, 1.59 kg",2019,16.090.000₫
108,Laptop Acer Aspire 5 A514 54 3204 i3 1115G4/4GB/512GB/Win10 (NX.A23SV.009),"Intel Core i3 Tiger Lake, 1115G4, 3.00 GHz","4 GB, DDR4 (On board +1 khe), 2666 MHz","SSD 512 GB M.2 PCIe, Hỗ trợ khe cắm HDD SATA","14 inch, Full HD (1920 x 1080)",Intel UHD Graphics,"3 x USB 3.2, HDMI, LAN (RJ45), USB Type-C",Windows 10 Home SL,"Vỏ nhựa - nắp lưng bằng kim loại, PIN liền","Dày 17.95 mm, 1.46 kg",2020,14.290.000₫
109,Laptop Lenovo Ideapad S145 15IWL i7 8565U/8GB/512GB/2GB MX110/Win10 (81MV00TAVN),"Intel Core i7 Coffee Lake, 8565U, 1.80 GHz","8 GB, DDR4 (On board 4GB +1 khe 4GB), 2400 MHz",SSD 512 GB M.2 PCIe,"15.6 inch, Full HD (1920 x 1080)",NVIDIA GeForce MX110 2GB,"2 x USB 3.0, HDMI, USB 2.0",Windows 10 Home SL,"Vỏ nhựa, PIN liền","Dày 19.9mm, 1.73 kg",2019,18.090.000₫
110,Laptop Acer Nitro 5 A515 55 72R2 i7 10870H/8GB/512GB/144Hz/4GB GTX1650Ti/Win10 (NH.Q7NSV.005),"Intel Core i7 Comet Lake, 10870H, 2.20 GHz","8 GB, DDR4 (2 khe), 2933 MHz","SSD 512 GB M.2 PCIe, Hỗ trợ khe cắm SSD M.2 PCIe, Hỗ trợ khe cắm HDD SATA","15.6 inch, Full HD (1920 x 1080), 144Hz",NVIDIA GeForce GTX 1650Ti 4GB,"3 x USB 3.2, HDMI, LAN (RJ45), USB Type-C",Windows 10 Home SL,"Vỏ nhựa, PIN liền","Dày 23.9 mm, 2.3 kg",2020,28.990.000₫
111,Laptop Asus VivoBook X507UF i7 8550U/4GB/1TB/2GB MX130/Win10 (EJ074T),"Intel Core i7 Coffee Lake, 8550U, 1.80 GHz","4 GB, DDR4 (2 khe), 2400 MHz","HDD: 1 TB SATA3, Hỗ trợ khe cắm SSD M.2","15.6 inch, Full HD (1920 x 1080)",NVIDIA Geforce MX130 2GB,"2 x USB 2.0, HDMI, USB 3.0",Windows 10 Home SL,"Vỏ nhựa, PIN liền","Dày 21.9 mm, 1.8 kg",2018,16.690.000₫
112,Laptop Lenovo IdeaPad Slim 5 15IIL05 i5/1035G1/8GB/512GB/2GB MX330/Win10 (81YK004UVN),"Intel Core i5 Ice Lake, 1035G1, 1.00 GHz","8 GB, DDR4 (On board), 3200 MHz","SSD 512 GB M.2 PCIe, Hỗ trợ khe cắm HDD SATA","15.6 inch, Full HD (1920 x 1080)",NVIDIA GeForce MX330 2GB,"USB Type-C (Power Delivery and DisplayPort), 2 x USB 3.0, HDMI",Windows 10 Home SL,"Vỏ nhựa - nắp lưng bằng kim loại, PIN liền","Dày 17.9 mm, 1.7 Kg",2020,18.690.000₫
113,Laptop Acer Swift 5 SF514 53T 51EX i5 8265U/8GB/256GB/Touch/Win10 (NX.H7KSV.001),"Intel Core i5 Coffee Lake, 8265U, 1.60 GHz","8 GB, DDR4 (On board), 2400 MHz",SSD 256GB NVMe PCIe,"14 inch, Full HD (1920 x 1080)",Intel® UHD Graphics 620,"2 x USB 3.0, HDMI, USB Type-C",Windows 10 Home SL,"Nhôm - Magie, PIN liền","Dày 14.9 mm, 940 g",2018,23.690.000₫
114,Laptop Acer Swift 3S SF314 57G 53T1 i5 1035G1/8GB/512GB/2GB MX250/Win10 (NX.HJESV.001),"Intel Core i5 Ice Lake, 1035G1, 1.00 GHz","8 GB, LPDDR4 (On board), 2666 MHz","SSD 512 GB M.2 PCIe, Không hỗ trợ khe cắm HDD","14 inch, Full HD (1920 x 1080)",NVIDIA GeForce MX250 2GB,"Thunderbolt 3, USB 3.1, HDMI, USB 2.0",Windows 10 Home SL,"Nhôm - Magie, PIN liền","Dày 15.95 mm, 1.19kg",2019,19.690.000₫
115,Laptop Acer Aspire A514 51 58ZJ i5 8265U/4GB+16GB/1TB/Win10 (NX.H6XSV.001),"Intel Core i5 Coffee Lake, 8265U, 1.60 GHz","4 GB, DDR4 (On board +1 khe), 2666 MHz","HDD: 1 TB SATA3, Intel Optane 16GB, (Hỗ trợ thay thế SSD PCIe)","14 inch, HD 720 (1280 x 720)",Intel® UHD Graphics 620,"2 x USB 3.0, HDMI, LAN (RJ45), USB Type-C",Windows 10 Home SL,"Vỏ nhựa - nắp lưng bằng kim loại, PIN liền","Dày 22.2 mm, 1.9 kg",2018,14.690.000₫
116,Laptop Dell XPS 13 9310 i5 1135G7/8GB/512GB/Win10 (70234076),"Intel Core i5 Tiger Lake, 1135G7, 2.40 GHz","8 GB, LPDDR4X (On board), 4267 MHz",SSD 512 GB M.2 PCIe,"13.4 inch, Full HD+ (1920 x 1200)",Intel® Iris® Xe Graphics,2 x Thunderbolt™ 4 USB-C,Windows 10 Home SL,"Vỏ kim loại nguyên khối, PIN liền","Dày 14.8 m, 1.2 kg",2020,38.490.000₫
117,Laptop Asus VivoBook X407UF i7 8550U/4GB/1TB/2GB MX130/Win10 (BV022T),"Intel Core i7 Coffee Lake, 8550U, 1.80 GHz","4 GB, DDR4 (2 khe), 2400 MHz","HDD: 1 TB SATA3, Hỗ trợ khe cắm SSD M.2 SATA3","14 inch, HD (1366 x 768)",NVIDIA Geforce MX130 2GB,"HDMI, USB 2.0, USB 3.0",Windows 10 Home SL,"Vỏ nhựa, PIN liền","Dày 21.9 mm, 1.54 kg",2018,16.390.000₫
118,Laptop Acer Swift 3 SF314 57 52GB i5 1035G1/8GB/512GB/Win10 (NX.HJFSV.001),"Intel Core i5 Ice Lake, 1035G1, 1.00 GHz","8 GB, LPDDR4 (On board), 2666 MHz",SSD 512 GB M.2 PCIe,"14 inch, Full HD (1920 x 1080)",Intel UHD Graphics,"USB 3.1, HDMI, USB 2.0, USB Type-C",Windows 10 Home SL,"Nhôm - Magie, PIN liền","Dày 15.95 mm, 1.19 kg",2019,18.690.000₫
119,Laptop Dell Inspiron 15 5584 i5 8265U/8GB/2TB/2GB MX130/Win10 (N5I5353W),"Intel Core i5 Coffee Lake, 8265U, 1.60 GHz","8 GB, DDR4 (2 khe), 2666 MHz","HDD: 2 TB, Hỗ trợ khe cắm SSD M.2 PCIe","15.6 inch, Full HD (1920 x 1080)",NVIDIA Geforce MX130 2GB,"HDMI 1.4, 2 x USB 3.1, LAN (RJ45), USB 2.0",Windows 10 Home SL,"Vỏ nhựa, PIN liền","Dày 22.45 mm, 1.95 kg",2019,21.390.000₫
120,Laptop Acer Swift 3 SF314 56 596E i5 8265U/4GB/256GB/Win10 (NX.H4CSV.006),"Intel Core i5 Coffee Lake, 8265U, 1.60 GHz","4 GB, DDR4 (On board +1 khe), 2133 MHz",SSD 256GB NVMe PCIe,"14 inch, Full HD (1920 x 1080)",Intel® UHD Graphics 620,"2 x USB 3.0, HDMI, USB 2.0, USB Type-C",Windows 10 Home SL,"Vỏ kim loại, PIN liền","Dày 17.95 mm, 1.5 kg",2018,17.690.000₫
121,Laptop Apple MacBook Air M1 2020 8GB/512GB (MGNA3SA/A),Apple M1,8 GB,SSD 512GB,"13.3 inch, Retina (2560 x 1600)",8 nhân GPU,2 x Thunderbolt 3 (USB-C),Mac OS,"Vỏ kim loại nguyên khối, PIN liền","Dày 4.1 mm đến 16.1 mm, 1.29 kg",2020,34.990.000₫
122,Laptop Dell Vostro 5502 i5 1135G7/8GB/512GB/2GB MX330/Win10 (NT0X01),"Intel Core i5 Tiger Lake, 1135G7, 2.40 GHz","8 GB, DDR4 (2 khe), 4267 MHz","SSD 512 GB M.2 PCIe, Hỗ trợ khe cắm SSD M.2 PCIe","15.6 inch, Full HD (1920 x 1080)",NVIDIA GeForce MX330 2GB,"2 x USB 3.1, HDMI, LAN (RJ45), USB Type-C",Windows 10 Home SL,"Vỏ nhựa - nắp lưng bằng kim loại, PIN liền","Dày 17.9 mm, 1.64 kg",2020,21.490.000₫
123,Laptop Lenovo Legion 5 15IMH05 i7 10750H/8GB/256GB+1TB/120Hz/4GB GTX1650/Win10 (82AU0051VN),"Intel Core i7 Comet Lake, 10750H, 2.60 GHz","8 GB, DDR4 (2 khe), 2933 MHz","SSD 256GB NVMe PCIe, HDD: 1 TB SATA3","15.6 inch, Full HD (1920 x 1080), 120Hz",NVIDIA GeForce GTX 1650 4GB,"4 x USB 3.1, HDMI, LAN (RJ45), USB Type-C",Windows 10 Home SL,"Vỏ nhựa, PIN liền","Dày 23.57 mm, 2.3 Kg",2020,28.490.000₫
124,Laptop Asus VivoBook X507UB i7 8550U/4GB/1TB/2GB MX110/Win10 (BR354T),"Intel Core i7 Coffee Lake, 8550U, 1.80 GHz","4 GB, DDR4 (2 khe), 2400 MHz","HDD: 1 TB SATA3, Hỗ trợ khe cắm SSD M.2 SATA3","15.6 inch, HD (1366 x 768)",NVIDIA GeForce MX110 2GB,"2 x USB 2.0, 2 x USB 3.0, HDMI",Windows 10 Home SL,"Vỏ nhựa, PIN liền","Dày 21.9 mm, 1.8 kg",2018,16.390.000₫
125,Laptop Lenovo Yoga Duet 7 13IML05 i7 10510U/8GB/512GB/Touch/Pen/Win10 (82AS007CVN),"Intel Core i7 Comet Lake, 10510U, 1.80 GHz","8 GB, DDR4 (On board), 2666 MHz",SSD 512 GB M.2 PCIe,"13 inch, WQHD (2160x1350)",Intel UHD Graphics,"2 x USB Type-C (Power Delivery and DisplayPort), USB Type-C",Windows 10 Home SL,"Vỏ kim loại, PIN liền","Dày 9.19 mm, 0.7988 kg + Bàn phím 0.3695 kg",2020,29.490.000₫
126,Laptop Dell Inspiron 3580 i7 8565U/8GB/256GB/2GB AMD520/Win10 (70188447),"Intel Core i7 Coffee Lake, 8565U, 1.80 GHz","8 GB, DDR4 (2 khe), 2666 MHz",SSD 256GB NVMe PCIe,"15.6 inch, Full HD (1920 x 1080)",AMD Radeon 520 2GB,"HDMI 1.4, 2 x USB 3.1, LAN (RJ45), USB 2.0",Windows 10 Home SL,"Vỏ nhựa, PIN liền","Dày 22.7 mm, 2.28 kg",2019,21.490.000₫
127,Laptop Lenovo Yoga Slim 7 14IIL05 i7 1065G7/8GB/512GB Win 10 (82A100FKVN),"Intel Core i7 Ice Lake, 1065G7, 1.30 GHz","8 GB, DDR4 (On board), 3200 MHz",SSD 512 GB M.2 PCIe,"14 inch, Full HD (1920 x 1080)",Intel Iris Plus Graphics,"2 x USB 3.2, HDMI, USB Type-C",Windows 10 Home SL,"Vỏ kim loại, PIN liền","Dày 15.1 mm, 1.55 kg",2020,24.990.000₫
128,Laptop Asus VivoBook X507UB i7 8550U/4GB/1TB/2GB MX110/Win10 (BR354T),"Intel Core i7 Coffee Lake, 8550U, 1.80 GHz","4 GB, DDR4 (2 khe), 2400 MHz","HDD: 1 TB SATA3, Hỗ trợ khe cắm SSD M.2 SATA3","15.6 inch, HD (1366 x 768)",NVIDIA GeForce MX110 2GB,"2 x USB 2.0, 2 x USB 3.0, HDMI",Windows 10 Home SL,"Vỏ nhựa, PIN liền","Dày 21.9 mm, 1.8 kg",2018,16.390.000₫
129,Laptop Lenovo IdeaPad S340 15IIL i3 1005G1/8GB/512GB/Win10 (81VW0042VN),"Intel Core i3 Ice Lake, 1005G1, 1.20 GHz","8 GB, DDR4 (On board 4GB +1 khe 4GB), 2666 MHz","SSD 512 GB M.2 PCIe, Hỗ trợ khe cắm HDD SATA","15.6 inch, Full HD (1920 x 1080)",Intel UHD Graphics,"2 x USB 3.1, HDMI, USB Type-C",Windows 10 Home SL,"Vỏ nhựa - nắp lưng bằng kim loại, PIN liền","Dày 17.9 mm, 1.79 kg",2019,14.090.000₫
130,Laptop Lenovo Yoga Duet 7 13IML05 i5 10210U/8GB/512GB/Touch/Pen/Win10 (82AS007BVN),"Intel Core i5 Comet Lake, 10210U, 1.60 GHz","8 GB, DDR4 (On board), 2666 MHz",SSD 512 GB M.2 PCIe,"13 inch, WQHD (2160x1350)",Intel UHD Graphics,"2 x USB Type-C (Power Delivery and DisplayPort), USB Type-C",Windows 10 Home SL,"Vỏ kim loại, PIN liền","Dày 9.19 mm, 0.7988 kg + Bàn phím 0.3695 kg",2020,26.690.000₫
131,Laptop Dell Vostro 5370 i5 8250U/4GB/256GB/Office365/Win10 (7M6D51),"Intel Core i5 Coffee Lake, 8265U, 1.60 GHz","4 GB, DDR4 (2 khe), 2666 MHz",SSD: 256 GB M2,"13.3 inch, Full HD (1920 x 1080)",Intel® UHD Graphics 620,"HDMI 1.4, 2 x USB 2.0, 2 x USB 3.0, USB Type-C",Windows 10 + Office 365 1 năm,"Vỏ nhựa, PIN liền","Dày 75 mm, 2.0 kg",2017,20.290.000₫
132,Laptop Asus VivoBook A412FA i3 8145U/4GB/512GB/Win10 (EK342T),"Intel Core i3 Coffee Lake, 8145U, 2.10 GHz","4 GB, DDR4 (On board +1 khe), 2400 MHz","SSD 512 GB M.2 PCIe, Hỗ trợ khe cắm HDD SATA","14 inch, Full HD (1920 x 1080)",Intel® UHD Graphics 620,"HDMI, USB 2.0, USB 3.0, USB Type-C",Windows 10 Home SL,"Vỏ nhựa, PIN liền","Dày 19 mm, 1.5 kg",2019,12.290.000₫
133,Laptop Acer Swift 3 SF314 56 38UE i3 8145U/4GB/256GB/Win10 (NX.H4CSV.005),"Intel Core i3 Coffee Lake, 8145U, 2.10 GHz","4 GB, DDR4 (On board +1 khe), 2400 MHz","SSD 256GB NVMe PCIe, Hỗ trợ khe cắm HDD SATA","14 inch, Full HD (1920 x 1080)",Intel® UHD Graphics 620,"2 x USB 3.0, HDMI, USB 2.0, USB Type-C",Windows 10 Home SL,"Vỏ kim loại, PIN liền","Dày 17.95 mm, 1.45 kg",2018,14.290.000₫
134,Laptop Acer Swift 3 SF315 52G 87N4 i7 8550U/8GB/128GB/2GB MX150/Win10 (NX.GZCSV.005),"Intel Core i7 Coffee Lake, 8550U, 1.80 GHz","8 GB, DDR4 (2 khe), 2400 MHz","SSD 128GB M2 PCIe, Hỗ trợ khe cắm HDD SATA","15.6 inch, Full HD (1920 x 1080)",NVIDIA Geforce MX150 2GB,"2 x USB 3.0, HDMI, USB 2.0, USB Type-C",Windows 10 Home SL,"Vỏ kim loại nguyên khối, PIN liền","Dày 16.9 mm, 1.7 kg",2018,23.090.000₫
135,Laptop HP 15s du0063TU i5 8265U/4GB/1TB/Win10 (6ZF63PA),"Intel Core i5 Coffee Lake, 8265U, 1.60 GHz","4 GB, DDR4 (2 khe), 2400 MHz","HDD: 1 TB SATA3, Hỗ trợ khe cắm SSD M.2","15.6 inch, Full HD (1920 x 1080)",Intel® UHD Graphics 620,"HDMI 1.4, 2 x USB 3.1, LAN (RJ45), USB Type-C",Windows 10 Home SL,"Vỏ nhựa, PIN liền","Dày 19.9 mm, 1.74 kg",2019,14.390.000₫
136,Laptop Lenovo IdeaPad S340 15IIL i5 1035G4/8GB/512GB/Win10 (81VW00A8VN),"Intel Core i5 Ice Lake, 1035G4, 1.10 GHz","8 GB, DDR4 (On board 4GB +1 khe 4GB), 2666 MHz","SSD 512 GB M.2 PCIe, Hỗ trợ khe cắm HDD SATA","15.6 inch, Full HD (1920 x 1080)",Intel Iris Plus Graphics,"2 x USB 3.1, HDMI, USB Type-C",Windows 10 Home SL,"Vỏ nhựa - nắp lưng bằng kim loại, PIN liền","Dày 17.9mm, 1.79 kg",2019,15.990.000₫
137,Laptop Lenovo IdeaPad 330 15IKB i5 8250U/4GB/1TB/Win10 (81DE024CVN),"Intel Core i5 Coffee Lake, 8250U, 1.60 GHz","4 GB, DDR4 (On board +1 khe), 2133 MHz",HDD: 1 TB SATA3,"15.6 inch, Full HD (1920 x 1080)",Intel® UHD Graphics 620,"HDMI 1.4, 2 x USB 3.0, LAN (RJ45), USB Type-C",Windows 10 Home SL,"Vỏ nhựa, PIN liền","Dày 23 mm, 2.2 kg",2018,12.690.000₫
138,Laptop Lenovo YOGA S730 13IWL i5 8265U/8GB/512GB/Win10 (81J0008SVN),"Intel Core i5 Coffee Lake, 8265U, 1.60 GHz","8 GB, DDR3L(On board), 2133 MHz",SSD 512 GB M.2 PCIe,"13.3 inch, Full HD (1920 x 1080)",Intel® UHD Graphics 620,"Thunderbolt 3, 2 x USB Type-C",Windows 10 Home SL,"Vỏ kim loại, PIN liền","Dày 11.9 mm, 1.09 kg",2019,23.690.000₫
139,Laptop Dell Inspiron 5502 i5 1135G7/8GB/512GB/Win10 (1XGR11),"Intel Core i5 Tiger Lake, 1135G7, 2.40 GHz","8 GB, DDR4 (2 khe), 4267 MHz","SSD 512 GB M.2 PCIe, Hỗ trợ khe cắm SSD M.2 PCIe","15.6 inch, Full HD (1920 x 1080)",Intel® Iris® Xe Graphics,"2 x USB 3.1, HDMI, USB Type-C",Windows 10 Home SL,"Vỏ nhựa - nắp lưng bằng kim loại, PIN liền","Dày 17.9 mm, 1.7 kg",2020,20.490.000₫
140,Laptop Dell Inspiron 5584 i5 8265U/4GB/1TB/2GB MX130/Win10 (N5I5384W),"Intel Core i5 Coffee Lake, 8265U, 1.60 GHz","4 GB, DDR4 (2 khe), 2400 MHz","HDD: 1 TB SATA3, Hỗ trợ khe cắm SSD M.2 PCIe","15.6 inch, Full HD (1920 x 1080)",NVIDIA Geforce MX130 2GB,"HDMI 1.4, 2 x USB 3.1, LAN (RJ45), USB 2.0, USB Type-C",Windows 10 Home SL,"Vỏ nhựa, PIN liền","Dày 22mm, 1.95 kg",2019,17.290.000₫
141,Laptop HP Envy 13 ba0045TU i5 1035G4/8GB/256GB/Office H&S2019/Win10 (171M2PA),"Intel Core i5 Ice Lake, 1035G4, 1.10 GHz","8 GB, DDR4 (On board), 3200 MHz",SSD 256GB NVMe PCIe,"13.3 inch, Full HD (1920 x 1080)",Intel Iris Plus Graphics,"Thunderbolt 3, 2 x USB 3.1",Windows 10 Home SL + Office Home&Student 2019 vĩnh viễn,"Vỏ kim loại, PIN liền","Dày 16.9 mm, 1.258 kg",2020,21.690.000₫
142,Laptop Acer Aspire A315 54 558R i5 8265U/4GB/1TB/Win10 (NX.HEFSV.005),"Intel Core i5 Coffee Lake, 8265U, 1.60 GHz","4 GB, DDR4 (1 khe), 2400 MHz","HDD: 1 TB SATA3, Hỗ trợ khe cắm SSD M.2 PCIe","15.6 inch, Full HD (1920 x 1080)",Intel® HD Graphics 620,"2 x USB 2.0, USB 3.1, HDMI, LAN (RJ45)",Windows 10 Home SL,"Vỏ nhựa, PIN liền","Dày 17.95 mm, 1.7 Kg",2019,11.690.000₫
143,Laptop LG Gram 15 i5 1035G7/8GB/512GB/Win10 (15Z90N-V.AR55A5),"Intel Core i5 Ice Lake, 1035G7, 1.20 GHz","8 GB, DDR4 (On board +1 khe), 3200 MHz","SSD 512 GB M.2 PCIe, Hỗ trợ khe cắm SSD M.2 PCIe","15.6 inch, Full HD (1920 x 1080)",Intel Iris Plus Graphics,"Thunderbolt 3, 3 x USB 3.1, HDMI",Windows 10 Home SL,"Hợp kim Nano Carbon - Magie, PIN liền","Dày 16.8 mm, 1.12 kg",2020,33.990.000₫
144,Laptop Lenovo Ideapad C340 14IWL i5 8265U/8GB/256GB/Touch/Win10 (81N4003TVN),"Intel Core i5 Coffee Lake, 8265U, 1.60 GHz","8 GB, DDR4 (On board 4GB +1 khe 4GB), 2133 MHz",SSD 256GB NVMe PCIe,"14 inch, Full HD (1920 x 1080)",Intel® UHD Graphics 620,"2 x USB 3.1, HDMI, USB Type-C",Windows 10 Home SL,"Vỏ nhựa, PIN liền","Dày 17.9 mm, 1.6 kg",2019,17.190.000₫
145,Laptop Acer Swift 5 SF514 53T 720R i7 8565U/8GB/256GB/Touch/Win10 (NX.H7HSV.002),"Intel Core i7 Coffee Lake, 8565U, 1.80 GHz","8 GB, DDR4 (1 khe), 2133 MHz",SSD 256GB NVMe PCIe,"14 inch, Full HD (1920 x 1080)",Intel® UHD Graphics 620,"2 x USB 3.0, HDMI, USB Type-C",Windows 10 Home SL,"Nhôm - Magie, PIN liền","Dày 14.9 mm, 940 g",2018,27.490.000₫
146,Laptop LG Gram 14 i5 1035G7/8GB/256GB/Win10 (14Z90N-V.AR52A5),"Intel Core i5 Ice Lake, 1035G7, 1.20 GHz","8 GB, DDR4 (On board +1 khe), 3200 MHz","SSD 256GB NVMe PCIe, Hỗ trợ khe cắm SSD M.2 PCIe","14 inch, Full HD (1920 x 1080)",Intel Iris Plus Graphics,"Thunderbolt 3, 2 x USB 3.1, HDMI",Windows 10 Home SL,"Hợp kim Nano Carbon - Magie, PIN liền","Dày 16.8 mm, 0.999 kg",2020,28.990.000₫
147,Laptop LG Gram 17 i7 1065G7/8GB/512GB/Win10 (17Z90N-V.AH75A5),"Intel Core i7 Ice Lake, 1065G7, 1.30 GHz","8 GB, DDR4 (On board), 3200 MHz","SSD 512 GB M.2 PCIe, Hỗ trợ khe cắm SSD M.2 PCIe","17 inch, WQXGA (2560 x 1600)",Intel Iris Plus Graphics,"Thunderbolt 3, 3 x USB 3.1, HDMI",Windows 10 Home SL,"Hợp kim Nano Carbon - Magie, PIN liền","Dày 17.4 mm, 1.35 kg",2020,38.490.000₫
148,Laptop Asus VivoBook A412FA i3 8145U/4GB/32GB+512GB/Win10 (EK661T),"Intel Core i3 Coffee Lake, 8145U, 2.10 GHz","4 GB, DDR4 (On board +1 khe), 2400 MHz","Intel Optane 32GB (H10), SSD 512 GB M.2 PCIe, Hỗ trợ khe cắm HDD SATA","14 inch, Full HD (1920 x 1080)",Intel® UHD Graphics 620,"USB 3.1, HDMI, USB 2.0, USB Type-C",Windows 10 Home SL,"Vỏ nhựa - nắp lưng bằng kim loại, PIN liền","Dày 19 mm, 1.5 kg",2019,12.790.000₫
149,Laptop Dell Vostro 5301 i5 1135G7/8GB/512GB/Win10 (C4VV92),"Intel Core i5 Tiger Lake, 1135G7, 2.40 GHz","8 GB, DDR4 (On board), 4267 MHz",SSD 512 GB M.2 PCIe,"13.3 inch, Full HD (1920 x 1080)",Intel® Iris® Xe Graphics,"2 x USB 3.1, HDMI, USB Type-C",Windows 10 Home SL,"Vỏ nhựa - nắp lưng bằng kim loại, PIN liền","Dày 15.9 mm, 1.06 kg",2020,20.990.000₫
150,Laptop HP ZBook FireFly 14 G7 i5 10210U/8GB/256GB/4GB QuadroP520/Win10 Pro (8VK70AV),"Intel Core i5 Comet Lake, 10210U, 1.60 GHz","8 GB, DDR4 (On board), 2666 MHz",SSD 256GB NVMe PCIe,"14 inch, Full HD (1920 x 1080)",NVIDIA Quadro P520 4GB,"2 x USB 3.1, HDMI, 2 x Thunderbolt 3 (USB-C)",Windows 10 Pro,"Vỏ kim loại, PIN liền","Dày 17.9 mm, 1.41 kg",2020,31.590.000₫
151,Laptop Dell XPS 13 9310 i7 1165G7/16GB/512GB/Touch/Pen/Win10 (JGNH61),"Intel Core i7 Tiger Lake, 1165G7, 2.80 GHz","16 GB, LPDDR4X (On board), 4267 MHz",SSD 512 GB M.2 PCIe,"13.4 inch, 4K/UHD (3840 x 2400)",Intel® Iris® Xe Graphics,2 x Thunderbolt™ 4 USB-C,Windows 10 Home SL,"Vỏ kim loại nguyên khối, PIN liền","Dày 14.35 mm, 1.32 kg",2020,58.990.000₫
152,Laptop Acer Aspire E5 576G 88EP i7 8550U/4GB+16GB/1TB/2GB MX130/Win10 (NX.H2ESV.001),"Intel Core i7 Coffee Lake, 8550U, 1.80 GHz","4 GB, DDR3L (2 khe RAM), 2133 MHz","HDD: 1 TB, Intel Optane 16GB","15.6 inch, Full HD (1920 x 1080)",NVIDIA Geforce MX130 2GB,"2 x USB 3.0, HDMI, LAN (RJ45), USB 2.0, USB Type-C, VGA (D-Sub)",Windows 10 Home SL,"Vỏ nhựa, PIN liền","Dày 30.4 mm, 2.23 kg",2018,16.990.000₫
153,Laptop Acer Spin SP513 52N 556V i5 8250U/8GB/256GB/Touch/Win10 (NX.GR7SV.004),"Intel Core i5 Coffee Lake, 8250U, 1.60 GHz","8 GB, DDR4 (On board), 2400 MHz",SSD 256GB NVMe PCIe,"13.3 inch, Full HD (1920 x 1080)",Intel® UHD Graphics 620,"2 x USB 3.0, HDMI, USB 2.0, USB Type-C",Windows 10 Home SL,"Vỏ kim loại, PIN liền","Dày 15.9 mm, 1.56 kg",2018,21.190.000₫
154,Laptop Acer Aspire A514 51 37ZD i3 8145U/4GB/500GB/Win10 (NX.H6USV.003),"Intel Core i3 Coffee Lake, 8145U, 2.10 GHz","4 GB, DDR4 (On board +1 khe), 2666 MHz","HDD: 500 GB SATA3, Hỗ trợ khe cắm SSD M.2 PCIe","14 inch, HD 720 (1280 x 720)",Intel® UHD Graphics 620,"2 x USB 3.0, HDMI, LAN (RJ45), USB Type-C",Windows 10 Home SL,"Vỏ nhựa - nắp lưng bằng kim loại, PIN liền","Dày 14.9 mm, 1.9 kg",2018,11.590.000₫
155,Laptop HP Pavilion 15 cs2056TX i5 8265U/4GB/1TB/2GB MX130/Win10 (6YZ11PA),"Intel Core i5 Coffee Lake, 8265U, 1.60 GHz","4 GB, DDR4 (2 khe), 2666 MHz","HDD: 1 TB SATA3, Hỗ trợ khe cắm SSD M.2 SATA3","15.6 inch, Full HD (1920 x 1080)",NVIDIA Geforce MX130 2GB,"2 x USB 3.1, HDMI, LAN (RJ45), USB Type-C",Windows 10 Home SL,"Vỏ nhựa - nắp lưng bằng kim loại, PIN liền","Dày 17.9 mm, 1.82 kg",2019,16.190.000₫
156,Laptop Lenovo ThinkBook 14IML i7 10510U/8GB/512GB/Win10 (20RV00BJVN),"Intel Core i7 Comet Lake, 10510U, 1.80 GHz","8 GB, DDR4 (On board +1 khe), 2666 MHz","SSD 512 GB M.2 PCIe, Hỗ trợ khe cắm HDD SATA","14 inch, Full HD (1920 x 1080)",Intel UHD Graphics,"2 x USB 3.1, HDMI, LAN (RJ45), USB 2.0, 2 x USB Type-C",Windows 10 Home SL,"Vỏ kim loại, PIN liền","Rộng 17.9 mm, 1.5 kg",2020,21.490.000₫
157,Laptop Acer Nitro AN515 55 70AX i7 10750H/8GB/512GB/4GB GTX1650Ti/Win10 (NH.Q7NSV.001),"Intel Core i7 Comet Lake, 10750H, 2.60 GHz","8 GB, DDR4 (2 khe), 2933 MHz","SSD 512 GB M.2 PCIe, Hỗ trợ khe cắm SSD M.2 PCIe, Hỗ trợ khe cắm HDD SATA","15.6 inch, Full HD (1920 x 1080)",NVIDIA GeForce GTX 1650Ti 4GB,3 x USB 3.2,Windows 10 Home SL,"Vỏ nhựa, PIN liền","Dày 23.9 mm, 2.3 kg",2020,28.790.000₫
158,Laptop Dell G5 15 5500 i7 10750H/8GB/512GB/120Hz/6GB GTX1660Ti/Win10 (70225485),"Intel Core i7 Comet Lake, 10750H, 2.60 GHz","8 GB, DDR4 (2 khe), 2933 MHz","SSD 512 GB M.2 PCIe, Hỗ trợ khe cắm SSD M.2 PCIe","15.6 inch, Full HD (1920 x 1080), 120Hz",NVIDIA GeForce GTX 1660Ti 6GB,"1 x USB 3.2, Thunderbolt 3, 2 x USB 2.0, HDMI, Mini DisplayPort, LAN (RJ45)",Windows 10 Home SL,"Vỏ nhựa, PIN liền","Dày 31.13 mm, 2.65 kg",2020,30.790.000₫
159,Laptop Lenovo Ideapad 530S 14IKB i7 8550U/8GB/256GB/Win10 (81EU00P5VN),"Intel Core i7 Coffee Lake, 8550U, 1.80 GHz","8 GB, DDR4 (1 khe), 2666 MHz",SSD: 256 GB M.2 SATA3,"14 inch, Full HD (1920 x 1080)",Intel® UHD Graphics 620,"HDMI 1.4, 2 x USB 3.0, Micro SD",Windows 10 Home SL,"Vỏ nhựa, PIN liền","Dày 18 mm, 1.54 kg",2019,20.490.000₫
160,Laptop Dell XPS 13 9310 i5 1135G7/8GB/256GB/Touch/Win10 (70231343),"Intel Core i5 Tiger Lake, 1135G7, 2.40 GHz","8 GB, LPDDR4 (On board), 4267 MHz",SSD 256GB NVMe PCIe,"13.4 inch, Full HD+ (1920 x 1200)",Intel® Iris® Xe Graphics,2 x Thunderbolt™ 4 USB-C,Windows 10 Home SL,"Vỏ kim loại nguyên khối, PIN liền","Dày 14.35 mm, 1.32 kg",2020,41.490.000₫
161,Laptop Lenovo Ideapad C340 14IWL i3 8145U/8GB/256GB/Touch/Win10 (81N4003SVN),"Intel Core i3 Coffee Lake, 8145U, 2.10 GHz","8 GB, DDR4 (On board 4GB +1 khe 4GB), 2133 MHz",SSD 256GB NVMe PCIe,"14 inch, Full HD (1920 x 1080)",Intel® UHD Graphics 620,"2 x USB 3.1, HDMI, USB Type-C",Windows 10 Home SL,"Vỏ nhựa, PIN liền","Dày 17.9 mm, 1.6 kg",2019,15.290.000₫
162,Laptop HP Pavilion 15 cs2031TU i3 8145U/4GB/1TBWin10 (6YZ03PA),"Intel Core i3 Coffee Lake, 8145U, 2.10 GHz","4 GB, DDR4 (2 khe), 2666 MHz","HDD: 1 TB SATA3, Hỗ trợ khe cắm SSD M.2 SATA3","15.6 inch, Full HD (1920 x 1080)",Intel® UHD Graphics 620,"2 x USB 3.1, HDMI, LAN (RJ45), USB Type-C",Windows 10 Home SL,"Vỏ nhựa - nắp lưng bằng kim loại, PIN liền","Dày 17.9 mm, 1.75 kg",2019,13.090.000₫
163,Laptop Dell Inspiron 7306 i5 1135G7/8GB/512GB/Touch/Pen/Win10 (N3I5202W),"Intel Core i5 Tiger Lake, 1135G7, 2.40 GHz","8 GB, LPDDR4X (On board), 4267 MHz",SSD 512 GB M.2 PCIe,"13.3 inch, Full HD (1920 x 1080)",Intel® Iris® Xe Graphics,"1 x USB 3.2, Thunderbolt™ 4 USB-C, HDMI",Windows 10 Home SL,"Vỏ kim loại nguyên khối, PIN liền","Dày 16.74 mm, 1.37 kg",2020,27.390.000₫
